<?xml version="1.0" encoding="UTF-8"?>
<metadata xml:lang="es"><Esri><CreaDate>20170109</CreaDate><CreaTime>16062000</CreaTime><ArcGISFormat>1.0</ArcGISFormat><SyncOnce>FALSE</SyncOnce><DataProperties><lineage><Process ToolSource="c:\program files (x86)\arcgis\desktop10.3\ArcToolbox\Toolboxes\Data Management Tools.tbx\DeleteField" Date="20170106" Time="180419">DeleteField PADRON_IE CODIGEL;TIPOIGEL;UBIGEO;DEP;PROV;DIST;CP_CIUDAD;CCPPMAYOR;CODCP_DECLARADO;CODCP_GEOREF_REV;CODCP_GEOREF_FINAL;NIVEL;UBICADO;CODCP_INEI;POB;VIV;AREA_MED;FTE_AREA;DUPLICADO;FECHA_INSERT;FECHA_RECEPCION_PADRONDBF;SEDE_UGEL;OBS;OBSERVACIONES;OBSERVACIONES_REV;FUENTE_LOCAL;NOM_LOCAL;TACCESO_CD;TACCESO_SU;TACCESO_CP;REG_OCHO;AREA_2000;CPM;GRADIENTE_2000</Process><Process ToolSource="c:\program files (x86)\arcgis\desktop10.3\ArcToolbox\Toolboxes\Analysis Tools.tbx\SpatialJoin" Date="20170106" Time="183228">SpatialJoin "D:\SMINESS\DOCUMENTOS\PEDIDOS\2017\PCM_demarcacion\ÁMBITOS DE DISTRITALIZACIÓN\UNION_DISTRITOS.mdb\UTM18_S\PADRON_IE" "D:\SMINESS\DOCUMENTOS\PEDIDOS\2017\PCM_demarcacion\ÁMBITOS DE DISTRITALIZACIÓN\UNION_DISTRITOS.mdb\UTM18_S\UNION_DISTRITOS_PCM" C:\Users\sminess\Documents\ArcGIS\Default.gdb\PADRON_IE_SpatialJoin JOIN_ONE_TO_MANY KEEP_ALL "COD_MOD "COD_MOD" true true false 7 Text 0 0 ,First,#,D:\SMINESS\DOCUMENTOS\PEDIDOS\2017\PCM_demarcacion\ÁMBITOS DE DISTRITALIZACIÓN\UNION_DISTRITOS.mdb\UTM18_S\PADRON_IE,COD_MOD,-1,-1;ANEXO "ANEXO" true true false 1 Text 0 0 ,First,#,D:\SMINESS\DOCUMENTOS\PEDIDOS\2017\PCM_demarcacion\ÁMBITOS DE DISTRITALIZACIÓN\UNION_DISTRITOS.mdb\UTM18_S\PADRON_IE,ANEXO,-1,-1;CEN_EDU "CEN_EDU" true true false 80 Text 0 0 ,First,#,D:\SMINESS\DOCUMENTOS\PEDIDOS\2017\PCM_demarcacion\ÁMBITOS DE DISTRITALIZACIÓN\UNION_DISTRITOS.mdb\UTM18_S\PADRON_IE,CEN_EDU,-1,-1;NIV_MOD "NIV_MOD" true true false 2 Text 0 0 ,First,#,D:\SMINESS\DOCUMENTOS\PEDIDOS\2017\PCM_demarcacion\ÁMBITOS DE DISTRITALIZACIÓN\UNION_DISTRITOS.mdb\UTM18_S\PADRON_IE,NIV_MOD,-1,-1;COD_CAR "COD_CAR" true true false 10 Text 0 0 ,First,#,D:\SMINESS\DOCUMENTOS\PEDIDOS\2017\PCM_demarcacion\ÁMBITOS DE DISTRITALIZACIÓN\UNION_DISTRITOS.mdb\UTM18_S\PADRON_IE,COD_CAR,-1,-1;FORMAS "FORMAS" true true false 10 Text 0 0 ,First,#,D:\SMINESS\DOCUMENTOS\PEDIDOS\2017\PCM_demarcacion\ÁMBITOS DE DISTRITALIZACIÓN\UNION_DISTRITOS.mdb\UTM18_S\PADRON_IE,FORMAS,-1,-1;TIPOICE "TIPOICE" true true false 2 Text 0 0 ,First,#,D:\SMINESS\DOCUMENTOS\PEDIDOS\2017\PCM_demarcacion\ÁMBITOS DE DISTRITALIZACIÓN\UNION_DISTRITOS.mdb\UTM18_S\PADRON_IE,TIPOICE,-1,-1;TIPOPROG "TIPOPROG" true true false 10 Text 0 0 ,First,#,D:\SMINESS\DOCUMENTOS\PEDIDOS\2017\PCM_demarcacion\ÁMBITOS DE DISTRITALIZACIÓN\UNION_DISTRITOS.mdb\UTM18_S\PADRON_IE,TIPOPROG,-1,-1;GES_DEP "GES_DEP" true true false 2 Text 0 0 ,First,#,D:\SMINESS\DOCUMENTOS\PEDIDOS\2017\PCM_demarcacion\ÁMBITOS DE DISTRITALIZACIÓN\UNION_DISTRITOS.mdb\UTM18_S\PADRON_IE,GES_DEP,-1,-1;ESTADO "ESTADO" true true false 10 Text 0 0 ,First,#,D:\SMINESS\DOCUMENTOS\PEDIDOS\2017\PCM_demarcacion\ÁMBITOS DE DISTRITALIZACIÓN\UNION_DISTRITOS.mdb\UTM18_S\PADRON_IE,ESTADO,-1,-1;REGISTRO "REGISTRO" true true false 1 Text 0 0 ,First,#,D:\SMINESS\DOCUMENTOS\PEDIDOS\2017\PCM_demarcacion\ÁMBITOS DE DISTRITALIZACIÓN\UNION_DISTRITOS.mdb\UTM18_S\PADRON_IE,REGISTRO,-1,-1;CODLOCAL "CODLOCAL" true true false 7 Text 0 0 ,First,#,D:\SMINESS\DOCUMENTOS\PEDIDOS\2017\PCM_demarcacion\ÁMBITOS DE DISTRITALIZACIÓN\UNION_DISTRITOS.mdb\UTM18_S\PADRON_IE,CODLOCAL,-1,-1;DIR_CEN "DIR_CEN" true true false 255 Text 0 0 ,First,#,D:\SMINESS\DOCUMENTOS\PEDIDOS\2017\PCM_demarcacion\ÁMBITOS DE DISTRITALIZACIÓN\UNION_DISTRITOS.mdb\UTM18_S\PADRON_IE,DIR_CEN,-1,-1;CATCALLE "CATCALLE" true true false 10 Text 0 0 ,First,#,D:\SMINESS\DOCUMENTOS\PEDIDOS\2017\PCM_demarcacion\ÁMBITOS DE DISTRITALIZACIÓN\UNION_DISTRITOS.mdb\UTM18_S\PADRON_IE,CATCALLE,-1,-1;REFERENCIA_DIR "REFERENCIA_DIR" true true false 255 Text 0 0 ,First,#,D:\SMINESS\DOCUMENTOS\PEDIDOS\2017\PCM_demarcacion\ÁMBITOS DE DISTRITALIZACIÓN\UNION_DISTRITOS.mdb\UTM18_S\PADRON_IE,REFERENCIA_DIR,-1,-1;CODGEO "CODGEO" true true false 6 Text 0 0 ,First,#,D:\SMINESS\DOCUMENTOS\PEDIDOS\2017\PCM_demarcacion\ÁMBITOS DE DISTRITALIZACIÓN\UNION_DISTRITOS.mdb\UTM18_S\PADRON_IE,CODGEO,-1,-1;CODOOII "CODOOII" true true false 6 Text 0 0 ,First,#,D:\SMINESS\DOCUMENTOS\PEDIDOS\2017\PCM_demarcacion\ÁMBITOS DE DISTRITALIZACIÓN\UNION_DISTRITOS.mdb\UTM18_S\PADRON_IE,CODOOII,-1,-1;DRE_UGEL "DRE_UGEL" true true false 50 Text 0 0 ,First,#,D:\SMINESS\DOCUMENTOS\PEDIDOS\2017\PCM_demarcacion\ÁMBITOS DE DISTRITALIZACIÓN\UNION_DISTRITOS.mdb\UTM18_S\PADRON_IE,DRE_UGEL,-1,-1;CODCP_MED "CODCP_MED" true true false 6 Text 0 0 ,First,#,D:\SMINESS\DOCUMENTOS\PEDIDOS\2017\PCM_demarcacion\ÁMBITOS DE DISTRITALIZACIÓN\UNION_DISTRITOS.mdb\UTM18_S\PADRON_IE,CODCP_MED,-1,-1;CEN_POB "CEN_POB" true true false 60 Text 0 0 ,First,#,D:\SMINESS\DOCUMENTOS\PEDIDOS\2017\PCM_demarcacion\ÁMBITOS DE DISTRITALIZACIÓN\UNION_DISTRITOS.mdb\UTM18_S\PADRON_IE,CEN_POB,-1,-1;NOMCPSIG "NOMCPSIG" true true false 100 Text 0 0 ,First,#,D:\SMINESS\DOCUMENTOS\PEDIDOS\2017\PCM_demarcacion\ÁMBITOS DE DISTRITALIZACIÓN\UNION_DISTRITOS.mdb\UTM18_S\PADRON_IE,NOMCPSIG,-1,-1;CODCP_LUGAR_URBANO "CODCP_LUGAR_URBANO" true true false 6 Text 0 0 ,First,#,D:\SMINESS\DOCUMENTOS\PEDIDOS\2017\PCM_demarcacion\ÁMBITOS DE DISTRITALIZACIÓN\UNION_DISTRITOS.mdb\UTM18_S\PADRON_IE,CODCP_LUGAR_URBANO,-1,-1;NOMLUGAR_URBANO "NOMLUGAR_URBANO" true true false 255 Text 0 0 ,First,#,D:\SMINESS\DOCUMENTOS\PEDIDOS\2017\PCM_demarcacion\ÁMBITOS DE DISTRITALIZACIÓN\UNION_DISTRITOS.mdb\UTM18_S\PADRON_IE,NOMLUGAR_URBANO,-1,-1;FUENTE_SIG "FUENTE_SIG" true true false 25 Text 0 0 ,First,#,D:\SMINESS\DOCUMENTOS\PEDIDOS\2017\PCM_demarcacion\ÁMBITOS DE DISTRITALIZACIÓN\UNION_DISTRITOS.mdb\UTM18_S\PADRON_IE,FUENTE_SIG,-1,-1;FUENTE_G "FUENTE_G" true true false 20 Text 0 0 ,First,#,D:\SMINESS\DOCUMENTOS\PEDIDOS\2017\PCM_demarcacion\ÁMBITOS DE DISTRITALIZACIÓN\UNION_DISTRITOS.mdb\UTM18_S\PADRON_IE,FUENTE_G,-1,-1;N_ALUM "N_ALUM" true true false 4 Long 0 0 ,First,#,D:\SMINESS\DOCUMENTOS\PEDIDOS\2017\PCM_demarcacion\ÁMBITOS DE DISTRITALIZACIÓN\UNION_DISTRITOS.mdb\UTM18_S\PADRON_IE,N_ALUM,-1,-1;N_DOCENTES "N_DOCENTES" true true false 4 Long 0 0 ,First,#,D:\SMINESS\DOCUMENTOS\PEDIDOS\2017\PCM_demarcacion\ÁMBITOS DE DISTRITALIZACIÓN\UNION_DISTRITOS.mdb\UTM18_S\PADRON_IE,N_DOCENTES,-1,-1;CLONG_IE_DEC "CLONG_IE_DEC" true true false 8 Double 0 0 ,First,#,D:\SMINESS\DOCUMENTOS\PEDIDOS\2017\PCM_demarcacion\ÁMBITOS DE DISTRITALIZACIÓN\UNION_DISTRITOS.mdb\UTM18_S\PADRON_IE,CLONG_IE_DEC,-1,-1;CLAT_IE_DEC "CLAT_IE_DEC" true true false 8 Double 0 0 ,First,#,D:\SMINESS\DOCUMENTOS\PEDIDOS\2017\PCM_demarcacion\ÁMBITOS DE DISTRITALIZACIÓN\UNION_DISTRITOS.mdb\UTM18_S\PADRON_IE,CLAT_IE_DEC,-1,-1;FTECOORDENADA "FTECOORDENADA" true true false 2 Short 0 0 ,First,#,D:\SMINESS\DOCUMENTOS\PEDIDOS\2017\PCM_demarcacion\ÁMBITOS DE DISTRITALIZACIÓN\UNION_DISTRITOS.mdb\UTM18_S\PADRON_IE,FTECOORDENADA,-1,-1;NALT_LOCAL "NALT_LOCAL" true true false 4 Long 0 0 ,First,#,D:\SMINESS\DOCUMENTOS\PEDIDOS\2017\PCM_demarcacion\ÁMBITOS DE DISTRITALIZACIÓN\UNION_DISTRITOS.mdb\UTM18_S\PADRON_IE,NALT_LOCAL,-1,-1;CP_Capital "CP_Capital" true true false 50 Text 0 0 ,First,#,D:\SMINESS\DOCUMENTOS\PEDIDOS\2017\PCM_demarcacion\ÁMBITOS DE DISTRITALIZACIÓN\UNION_DISTRITOS.mdb\UTM18_S\UNION_DISTRITOS_PCM,CP_Capital,-1,-1;Petitorio "Petitorio" true true false 50 Text 0 0 ,First,#,D:\SMINESS\DOCUMENTOS\PEDIDOS\2017\PCM_demarcacion\ÁMBITOS DE DISTRITALIZACIÓN\UNION_DISTRITOS.mdb\UTM18_S\UNION_DISTRITOS_PCM,Petitorio,-1,-1;GRUPO "GRUPO" true true false 50 Text 0 0 ,First,#,D:\SMINESS\DOCUMENTOS\PEDIDOS\2017\PCM_demarcacion\ÁMBITOS DE DISTRITALIZACIÓN\UNION_DISTRITOS.mdb\UTM18_S\UNION_DISTRITOS_PCM,GRUPO,-1,-1" INTERSECT # #</Process><Process ToolSource="c:\program files (x86)\arcgis\desktop10.3\ArcToolbox\Toolboxes\Data Management Tools.tbx\CopyFeatures" Date="20170109" Time="150220">CopyFeatures "D:\SMINESS\DOCUMENTOS\PEDIDOS\2017\PCM_demarcacion\ÁMBITOS DE DISTRITALIZACIÓN\Respuesta\Personal_geodatabase\CP_IE_DISTRITALIZACION.mdb\UTM18_S\PADRON_IE" "D:\SMINESS\DOCUMENTOS\PEDIDOS\2017\PCM_demarcacion\ÁMBITOS DE DISTRITALIZACIÓN\Respuesta\Shapes\PADRON_IE.shp" # 0 0 0</Process></lineage><itemProps><itemLocation><linkage Sync="TRUE">file://\\MED000005357\D\SMINESS\DOCUMENTOS\PEDIDOS\2017\IGN\PADRON_IE</linkage><protocol Sync="TRUE">Local Area Network</protocol></itemLocation><itemName Sync="TRUE">PADRON_IE</itemName><imsContentType Sync="TRUE">002</imsContentType><itemSize Sync="TRUE">0.000</itemSize></itemProps><coordRef><type Sync="TRUE">Projected</type><geogcsn Sync="TRUE">GCS_WGS_1984</geogcsn><csUnits Sync="TRUE">Linear Unit: Meter (1.000000)</csUnits><projcsn Sync="TRUE">WGS_1984_UTM_Zone_18S</projcsn><peXml Sync="TRUE">&lt;ProjectedCoordinateSystem xsi:type='typens:ProjectedCoordinateSystem' xmlns:xsi='http://www.w3.org/2001/XMLSchema-instance' xmlns:xs='http://www.w3.org/2001/XMLSchema' xmlns:typens='http://www.esri.com/schemas/ArcGIS/10.3'&gt;&lt;WKT&gt;PROJCS[&amp;quot;WGS_1984_UTM_Zone_18S&amp;quot;,GEOGCS[&amp;quot;GCS_WGS_1984&amp;quot;,DATUM[&amp;quot;D_WGS_1984&amp;quot;,SPHEROID[&amp;quot;WGS_1984&amp;quot;,6378137.0,298.257223563]],PRIMEM[&amp;quot;Greenwich&amp;quot;,0.0],UNIT[&amp;quot;Degree&amp;quot;,0.0174532925199433]],PROJECTION[&amp;quot;Transverse_Mercator&amp;quot;],PARAMETER[&amp;quot;False_Easting&amp;quot;,500000.0],PARAMETER[&amp;quot;False_Northing&amp;quot;,10000000.0],PARAMETER[&amp;quot;Central_Meridian&amp;quot;,-75.0],PARAMETER[&amp;quot;Scale_Factor&amp;quot;,0.9996],PARAMETER[&amp;quot;Latitude_Of_Origin&amp;quot;,0.0],UNIT[&amp;quot;Meter&amp;quot;,1.0],AUTHORITY[&amp;quot;EPSG&amp;quot;,32718]]&lt;/WKT&gt;&lt;XOrigin&gt;-5120900&lt;/XOrigin&gt;&lt;YOrigin&gt;1900&lt;/YOrigin&gt;&lt;XYScale&gt;450445547.3910538&lt;/XYScale&gt;&lt;ZOrigin&gt;-100000&lt;/ZOrigin&gt;&lt;ZScale&gt;10000&lt;/ZScale&gt;&lt;MOrigin&gt;-100000&lt;/MOrigin&gt;&lt;MScale&gt;10000&lt;/MScale&gt;&lt;XYTolerance&gt;0.001&lt;/XYTolerance&gt;&lt;ZTolerance&gt;0.001&lt;/ZTolerance&gt;&lt;MTolerance&gt;0.001&lt;/MTolerance&gt;&lt;HighPrecision&gt;true&lt;/HighPrecision&gt;&lt;WKID&gt;32718&lt;/WKID&gt;&lt;LatestWKID&gt;32718&lt;/LatestWKID&gt;&lt;/ProjectedCoordinateSystem&gt;</peXml></coordRef><copyHistory><copy source="D:\SMINESS\DOCUMENTOS\PEDIDOS\2017\PCM_demarcacion\ÁMBITOS DE DISTRITALIZACIÓN\Respuesta\Shapes\PADRON_IE" dest="\\MED000005357\D\SMINESS\DOCUMENTOS\PEDIDOS\2017\IGN\PADRON_IE" date="20170109" time="16062000"></copy></copyHistory></DataProperties><SyncDate>20170109</SyncDate><SyncTime>15015000</SyncTime><ModDate>20170109</ModDate><ModTime>15015000</ModTime></Esri><dataIdInfo><envirDesc Sync="TRUE"> Version 6.2 (Build 9200) ; Esri ArcGIS 10.3.1.4959</envirDesc><dataLang><languageCode value="spa" Sync="TRUE"></languageCode><countryCode value="PER" Sync="TRUE"></countryCode></dataLang><idCitation><resTitle Sync="TRUE">PADRON_IE</resTitle><presForm><PresFormCd value="005" Sync="TRUE"></PresFormCd></presForm></idCitation><spatRpType><SpatRepTypCd value="001" Sync="TRUE"></SpatRepTypCd></spatRpType></dataIdInfo><mdLang><languageCode value="spa" Sync="TRUE"></languageCode><countryCode value="PER" Sync="TRUE"></countryCode></mdLang><distInfo><distFormat><formatName Sync="TRUE">Shapefile</formatName></distFormat><distTranOps><transSize Sync="TRUE">0.000</transSize></distTranOps></distInfo><mdHrLv><ScopeCd value="005" Sync="TRUE"></ScopeCd></mdHrLv><mdHrLvName Sync="TRUE">dataset</mdHrLvName><refSysInfo><RefSystem><refSysID><identCode code="32718" Sync="TRUE"></identCode><idCodeSpace Sync="TRUE">EPSG</idCodeSpace><idVersion Sync="TRUE">8.6.2</idVersion></refSysID></RefSystem></refSysInfo><spatRepInfo><VectSpatRep><geometObjs Name="PADRON_IE"><geoObjTyp><GeoObjTypCd value="004" Sync="TRUE"></GeoObjTypCd></geoObjTyp><geoObjCnt Sync="TRUE">0</geoObjCnt></geometObjs><topLvl><TopoLevCd value="001" Sync="TRUE"></TopoLevCd></topLvl></VectSpatRep></spatRepInfo><spdoinfo><ptvctinf><esriterm Name="PADRON_IE"><efeatyp Sync="TRUE">Simple</efeatyp><efeageom code="1" Sync="TRUE"></efeageom><esritopo Sync="TRUE">FALSE</esritopo><efeacnt Sync="TRUE">0</efeacnt><spindex Sync="TRUE">FALSE</spindex><linrefer Sync="TRUE">FALSE</linrefer></esriterm></ptvctinf></spdoinfo><eainfo><detailed Name="PADRON_IE"><enttyp><enttypl Sync="TRUE">PADRON_IE</enttypl><enttypt Sync="TRUE">Feature Class</enttypt><enttypc Sync="TRUE">0</enttypc></enttyp><attr><attrlabl Sync="TRUE">FID</attrlabl><attalias Sync="TRUE">FID</attalias><attrtype Sync="TRUE">OID</attrtype><attwidth Sync="TRUE">4</attwidth><atprecis Sync="TRUE">0</atprecis><attscale Sync="TRUE">0</attscale><attrdef Sync="TRUE">Internal feature number.</attrdef><attrdefs Sync="TRUE">Esri</attrdefs><attrdomv><udom Sync="TRUE">Sequential unique whole numbers that are automatically generated.</udom></attrdomv></attr><attr><attrlabl Sync="TRUE">Shape</attrlabl><attalias Sync="TRUE">Shape</attalias><attrtype Sync="TRUE">Geometry</attrtype><attwidth Sync="TRUE">0</attwidth><atprecis Sync="TRUE">0</atprecis><attscale Sync="TRUE">0</attscale><attrdef Sync="TRUE">Feature geometry.</attrdef><attrdefs Sync="TRUE">Esri</attrdefs><attrdomv><udom Sync="TRUE">Coordinates defining the features.</udom></attrdomv></attr><attr><attrlabl Sync="TRUE">EMPATE_PCM</attrlabl><attalias Sync="TRUE">EMPATE_PCM</attalias><attrtype Sync="TRUE">Integer</attrtype><attwidth Sync="TRUE">10</attwidth><atprecis Sync="TRUE">10</atprecis><attscale Sync="TRUE">0</attscale></attr><attr><attrlabl Sync="TRUE">COD_MOD</attrlabl><attalias Sync="TRUE">COD_MOD</attalias><attrtype Sync="TRUE">String</attrtype><attwidth Sync="TRUE">7</attwidth><atprecis Sync="TRUE">0</atprecis><attscale Sync="TRUE">0</attscale></attr><attr><attrlabl Sync="TRUE">PETITORIO_</attrlabl><attalias Sync="TRUE">PETITORIO_</attalias><attrtype Sync="TRUE">String</attrtype><attwidth Sync="TRUE">50</attwidth><atprecis Sync="TRUE">0</atprecis><attscale Sync="TRUE">0</attscale></attr><attr><attrlabl Sync="TRUE">GRUPO_PETI</attrlabl><attalias Sync="TRUE">GRUPO_PETI</attalias><attrtype Sync="TRUE">String</attrtype><attwidth Sync="TRUE">50</attwidth><atprecis Sync="TRUE">0</atprecis><attscale Sync="TRUE">0</attscale></attr><attr><attrlabl Sync="TRUE">ANEXO</attrlabl><attalias Sync="TRUE">ANEXO</attalias><attrtype Sync="TRUE">String</attrtype><attwidth Sync="TRUE">1</attwidth><atprecis Sync="TRUE">0</atprecis><attscale Sync="TRUE">0</attscale></attr><attr><attrlabl Sync="TRUE">CEN_EDU</attrlabl><attalias Sync="TRUE">CEN_EDU</attalias><attrtype Sync="TRUE">String</attrtype><attwidth Sync="TRUE">80</attwidth><atprecis Sync="TRUE">0</atprecis><attscale Sync="TRUE">0</attscale></attr><attr><attrlabl Sync="TRUE">NIV_MOD</attrlabl><attalias Sync="TRUE">NIV_MOD</attalias><attrtype Sync="TRUE">String</attrtype><attwidth Sync="TRUE">2</attwidth><atprecis Sync="TRUE">0</atprecis><attscale Sync="TRUE">0</attscale></attr><attr><attrlabl Sync="TRUE">COD_CAR</attrlabl><attalias Sync="TRUE">COD_CAR</attalias><attrtype Sync="TRUE">String</attrtype><attwidth Sync="TRUE">10</attwidth><atprecis Sync="TRUE">0</atprecis><attscale Sync="TRUE">0</attscale></attr><attr><attrlabl Sync="TRUE">FORMAS</attrlabl><attalias Sync="TRUE">FORMAS</attalias><attrtype Sync="TRUE">String</attrtype><attwidth Sync="TRUE">10</attwidth><atprecis Sync="TRUE">0</atprecis><attscale Sync="TRUE">0</attscale></attr><attr><attrlabl Sync="TRUE">TIPOICE</attrlabl><attalias Sync="TRUE">TIPOICE</attalias><attrtype Sync="TRUE">String</attrtype><attwidth Sync="TRUE">2</attwidth><atprecis Sync="TRUE">0</atprecis><attscale Sync="TRUE">0</attscale></attr><attr><attrlabl Sync="TRUE">TIPOPROG</attrlabl><attalias Sync="TRUE">TIPOPROG</attalias><attrtype Sync="TRUE">String</attrtype><attwidth Sync="TRUE">10</attwidth><atprecis Sync="TRUE">0</atprecis><attscale Sync="TRUE">0</attscale></attr><attr><attrlabl Sync="TRUE">GES_DEP</attrlabl><attalias Sync="TRUE">GES_DEP</attalias><attrtype Sync="TRUE">String</attrtype><attwidth Sync="TRUE">2</attwidth><atprecis Sync="TRUE">0</atprecis><attscale Sync="TRUE">0</attscale></attr><attr><attrlabl Sync="TRUE">ESTADO</attrlabl><attalias Sync="TRUE">ESTADO</attalias><attrtype Sync="TRUE">String</attrtype><attwidth Sync="TRUE">10</attwidth><atprecis Sync="TRUE">0</atprecis><attscale Sync="TRUE">0</attscale></attr><attr><attrlabl Sync="TRUE">REGISTRO</attrlabl><attalias Sync="TRUE">REGISTRO</attalias><attrtype Sync="TRUE">String</attrtype><attwidth Sync="TRUE">1</attwidth><atprecis Sync="TRUE">0</atprecis><attscale Sync="TRUE">0</attscale></attr><attr><attrlabl Sync="TRUE">CODLOCAL</attrlabl><attalias Sync="TRUE">CODLOCAL</attalias><attrtype Sync="TRUE">String</attrtype><attwidth Sync="TRUE">7</attwidth><atprecis Sync="TRUE">0</atprecis><attscale Sync="TRUE">0</attscale></attr><attr><attrlabl Sync="TRUE">DIR_CEN</attrlabl><attalias Sync="TRUE">DIR_CEN</attalias><attrtype Sync="TRUE">String</attrtype><attwidth Sync="TRUE">254</attwidth><atprecis Sync="TRUE">0</atprecis><attscale Sync="TRUE">0</attscale></attr><attr><attrlabl Sync="TRUE">CATCALLE</attrlabl><attalias Sync="TRUE">CATCALLE</attalias><attrtype Sync="TRUE">String</attrtype><attwidth Sync="TRUE">10</attwidth><atprecis Sync="TRUE">0</atprecis><attscale Sync="TRUE">0</attscale></attr><attr><attrlabl Sync="TRUE">CODGEO</attrlabl><attalias Sync="TRUE">CODGEO</attalias><attrtype Sync="TRUE">String</attrtype><attwidth Sync="TRUE">6</attwidth><atprecis Sync="TRUE">0</atprecis><attscale Sync="TRUE">0</attscale></attr><attr><attrlabl Sync="TRUE">REFERENCIA</attrlabl><attalias Sync="TRUE">REFERENCIA</attalias><attrtype Sync="TRUE">String</attrtype><attwidth Sync="TRUE">254</attwidth><atprecis Sync="TRUE">0</atprecis><attscale Sync="TRUE">0</attscale></attr><attr><attrlabl Sync="TRUE">CODOOII</attrlabl><attalias Sync="TRUE">CODOOII</attalias><attrtype Sync="TRUE">String</attrtype><attwidth Sync="TRUE">6</attwidth><atprecis Sync="TRUE">0</atprecis><attscale Sync="TRUE">0</attscale></attr><attr><attrlabl Sync="TRUE">DRE_UGEL</attrlabl><attalias Sync="TRUE">DRE_UGEL</attalias><attrtype Sync="TRUE">String</attrtype><attwidth Sync="TRUE">50</attwidth><atprecis Sync="TRUE">0</atprecis><attscale Sync="TRUE">0</attscale></attr><attr><attrlabl Sync="TRUE">CODCP_MED</attrlabl><attalias Sync="TRUE">CODCP_MED</attalias><attrtype Sync="TRUE">String</attrtype><attwidth Sync="TRUE">6</attwidth><atprecis Sync="TRUE">0</atprecis><attscale Sync="TRUE">0</attscale></attr><attr><attrlabl Sync="TRUE">CEN_POB</attrlabl><attalias Sync="TRUE">CEN_POB</attalias><attrtype Sync="TRUE">String</attrtype><attwidth Sync="TRUE">60</attwidth><atprecis Sync="TRUE">0</atprecis><attscale Sync="TRUE">0</attscale></attr><attr><attrlabl Sync="TRUE">NOMCPSIG</attrlabl><attalias Sync="TRUE">NOMCPSIG</attalias><attrtype Sync="TRUE">String</attrtype><attwidth Sync="TRUE">100</attwidth><atprecis Sync="TRUE">0</atprecis><attscale Sync="TRUE">0</attscale></attr><attr><attrlabl Sync="TRUE">FUENTE_SIG</attrlabl><attalias Sync="TRUE">FUENTE_SIG</attalias><attrtype Sync="TRUE">String</attrtype><attwidth Sync="TRUE">25</attwidth><atprecis Sync="TRUE">0</atprecis><attscale Sync="TRUE">0</attscale></attr><attr><attrlabl Sync="TRUE">CODCP_LUGA</attrlabl><attalias Sync="TRUE">CODCP_LUGA</attalias><attrtype Sync="TRUE">String</attrtype><attwidth Sync="TRUE">6</attwidth><atprecis Sync="TRUE">0</atprecis><attscale Sync="TRUE">0</attscale></attr><attr><attrlabl Sync="TRUE">NOMLUGAR_U</attrlabl><attalias Sync="TRUE">NOMLUGAR_U</attalias><attrtype Sync="TRUE">String</attrtype><attwidth Sync="TRUE">254</attwidth><atprecis Sync="TRUE">0</atprecis><attscale Sync="TRUE">0</attscale></attr><attr><attrlabl Sync="TRUE">FUENTE_G</attrlabl><attalias Sync="TRUE">FUENTE_G</attalias><attrtype Sync="TRUE">String</attrtype><attwidth Sync="TRUE">20</attwidth><atprecis Sync="TRUE">0</atprecis><attscale Sync="TRUE">0</attscale></attr><attr><attrlabl Sync="TRUE">N_ALUM</attrlabl><attalias Sync="TRUE">N_ALUM</attalias><attrtype Sync="TRUE">Integer</attrtype><attwidth Sync="TRUE">10</attwidth><atprecis Sync="TRUE">10</atprecis><attscale Sync="TRUE">0</attscale></attr><attr><attrlabl Sync="TRUE">N_DOCENTES</attrlabl><attalias Sync="TRUE">N_DOCENTES</attalias><attrtype Sync="TRUE">Integer</attrtype><attwidth Sync="TRUE">10</attwidth><atprecis Sync="TRUE">10</atprecis><attscale Sync="TRUE">0</attscale></attr><attr><attrlabl Sync="TRUE">NALT_LOCAL</attrlabl><attalias Sync="TRUE">NALT_LOCAL</attalias><attrtype Sync="TRUE">Integer</attrtype><attwidth Sync="TRUE">10</attwidth><atprecis Sync="TRUE">10</atprecis><attscale Sync="TRUE">0</attscale></attr><attr><attrlabl Sync="TRUE">CLONG_IE_D</attrlabl><attalias Sync="TRUE">CLONG_IE_D</attalias><attrtype Sync="TRUE">Double</attrtype><attwidth Sync="TRUE">19</attwidth><atprecis Sync="TRUE">0</atprecis><attscale Sync="TRUE">0</attscale></attr><attr><attrlabl Sync="TRUE">CLAT_IE_DE</attrlabl><attalias Sync="TRUE">CLAT_IE_DE</attalias><attrtype Sync="TRUE">Double</attrtype><attwidth Sync="TRUE">19</attwidth><atprecis Sync="TRUE">0</atprecis><attscale Sync="TRUE">0</attscale></attr><attr><attrlabl Sync="TRUE">FTECOORDEN</attrlabl><attalias Sync="TRUE">FTECOORDEN</attalias><attrtype Sync="TRUE">SmallInteger</attrtype><attwidth Sync="TRUE">5</attwidth><atprecis Sync="TRUE">5</atprecis><attscale Sync="TRUE">0</attscale></attr><attr><attrlabl Sync="TRUE">CP_Capital</attrlabl><attalias Sync="TRUE">CP_Capital</attalias><attrtype Sync="TRUE">String</attrtype><attwidth Sync="TRUE">50</attwidth><atprecis Sync="TRUE">0</atprecis><attscale Sync="TRUE">0</attscale></attr></detailed></eainfo><mdDateSt Sync="TRUE">20170109</mdDateSt></metadata>
