<metadata xml:lang="es"><Esri><CreaDate>20180726</CreaDate><CreaTime>17160800</CreaTime><ArcGISFormat>1.0</ArcGISFormat><SyncOnce>FALSE</SyncOnce><DataProperties><lineage><Process ToolSource="c:\program files (x86)\arcgis\desktop10.4\ArcToolbox\Toolboxes\Data Management Tools.tbx\CalculateField" Date="20180427" Time="115101">CalculateField CP_MINEDU\CP Y_X_COORD "[YGD] &amp; [XGD]" VB #</Process><Process Name="MAYUS_MNOMCP" ToolSource="c:\program files (x86)\arcgis\desktop10.4\ArcToolbox\Toolboxes\Data Management Tools.tbx\CalculateField" Date="20180502" Time="120236">CalculateField D:\SMINESS\DOCUMENTOS\Dropbox\MED\Carto_Base\CP\CP_MODEL.gdb\WSG84\CP MNOMCP UCase( [NOMCP] ) VB #</Process><Process Name="MAYUS_DENOMINACION" ToolSource="c:\program files (x86)\arcgis\desktop10.4\ArcToolbox\Toolboxes\Data Management Tools.tbx\CalculateField" Date="20180502" Time="120250">CalculateField D:\SMINESS\DOCUMENTOS\Dropbox\MED\Carto_Base\CP\CP_MODEL.gdb\WSG84\CP DENOMINACION UCase( [NOMCP] ) VB #</Process><Process Name="AGREGA_POINT_X_Y" ToolSource="c:\program files (x86)\arcgis\desktop10.4\ArcToolbox\Toolboxes\Data Management Tools.tbx\AddXY" Date="20180502" Time="120309">AddXY D:\SMINESS\DOCUMENTOS\Dropbox\MED\Carto_Base\CP\CP_MODEL.gdb\WSG84\CP</Process><Process Name="ACTUALIZA_X" ToolSource="c:\program files (x86)\arcgis\desktop10.4\ArcToolbox\Toolboxes\Data Management Tools.tbx\CalculateField" Date="20180502" Time="120322">CalculateField D:\SMINESS\DOCUMENTOS\Dropbox\MED\Carto_Base\CP\CP_MODEL.gdb\WSG84\CP XGD [POINT_X] VB #</Process><Process Name="ACTUALIZA_Y" ToolSource="c:\program files (x86)\arcgis\desktop10.4\ArcToolbox\Toolboxes\Data Management Tools.tbx\CalculateField" Date="20180502" Time="120334">CalculateField D:\SMINESS\DOCUMENTOS\Dropbox\MED\Carto_Base\CP\CP_MODEL.gdb\WSG84\CP YGD [POINT_Y] VB #</Process><Process Name="ACTUALIZA_Y_X" ToolSource="c:\program files (x86)\arcgis\desktop10.4\ArcToolbox\Toolboxes\Data Management Tools.tbx\CalculateField" Date="20180502" Time="120347">CalculateField D:\SMINESS\DOCUMENTOS\Dropbox\MED\Carto_Base\CP\CP_MODEL.gdb\WSG84\CP Y_X_COORD "[YGD] &amp; [XGD]" VB #</Process><Process Name="MAYUS_MNOMCP" ToolSource="c:\program files (x86)\arcgis\desktop10.4\ArcToolbox\Toolboxes\Data Management Tools.tbx\CalculateField" Date="20180502" Time="121052">CalculateField D:\SMINESS\DOCUMENTOS\Dropbox\MED\Carto_Base\CP\CP_MODEL.gdb\WSG84\CP MNOMCP UCase( [NOMCP] ) VB #</Process><Process Name="MAYUS_DENOMINACION" ToolSource="c:\program files (x86)\arcgis\desktop10.4\ArcToolbox\Toolboxes\Data Management Tools.tbx\CalculateField" Date="20180502" Time="121104">CalculateField D:\SMINESS\DOCUMENTOS\Dropbox\MED\Carto_Base\CP\CP_MODEL.gdb\WSG84\CP DENOMINACION UCase( [NOMCP] ) VB #</Process><Process Name="AGREGA_POINT_X_Y" ToolSource="c:\program files (x86)\arcgis\desktop10.4\ArcToolbox\Toolboxes\Data Management Tools.tbx\AddXY" Date="20180502" Time="121118">AddXY D:\SMINESS\DOCUMENTOS\Dropbox\MED\Carto_Base\CP\CP_MODEL.gdb\WSG84\CP</Process><Process Name="ACTUALIZA_X" ToolSource="c:\program files (x86)\arcgis\desktop10.4\ArcToolbox\Toolboxes\Data Management Tools.tbx\CalculateField" Date="20180502" Time="121129">CalculateField D:\SMINESS\DOCUMENTOS\Dropbox\MED\Carto_Base\CP\CP_MODEL.gdb\WSG84\CP XGD [POINT_X] VB #</Process><Process Name="ACTUALIZA_Y" ToolSource="c:\program files (x86)\arcgis\desktop10.4\ArcToolbox\Toolboxes\Data Management Tools.tbx\CalculateField" Date="20180502" Time="121141">CalculateField D:\SMINESS\DOCUMENTOS\Dropbox\MED\Carto_Base\CP\CP_MODEL.gdb\WSG84\CP YGD [POINT_Y] VB #</Process><Process Name="ACTUALIZA_Y_X" ToolSource="c:\program files (x86)\arcgis\desktop10.4\ArcToolbox\Toolboxes\Data Management Tools.tbx\CalculateField" Date="20180502" Time="121153">CalculateField D:\SMINESS\DOCUMENTOS\Dropbox\MED\Carto_Base\CP\CP_MODEL.gdb\WSG84\CP Y_X_COORD "[YGD] &amp; [XGD]" VB #</Process><Process Name="MAYUS_MNOMCP" ToolSource="c:\program files (x86)\arcgis\desktop10.4\ArcToolbox\Toolboxes\Data Management Tools.tbx\CalculateField" Date="20180502" Time="122952">CalculateField D:\SMINESS\DOCUMENTOS\Dropbox\MED\Carto_Base\CP\CP_MODEL.gdb\WSG84\CP MNOMCP UCase( [NOMCP] ) VB #</Process><Process Name="MAYUS_DENOMINACION" ToolSource="c:\program files (x86)\arcgis\desktop10.4\ArcToolbox\Toolboxes\Data Management Tools.tbx\CalculateField" Date="20180502" Time="123003">CalculateField D:\SMINESS\DOCUMENTOS\Dropbox\MED\Carto_Base\CP\CP_MODEL.gdb\WSG84\CP DENOMINACION UCase( [NOMCP] ) VB #</Process><Process Name="AGREGA_POINT_X_Y" ToolSource="c:\program files (x86)\arcgis\desktop10.4\ArcToolbox\Toolboxes\Data Management Tools.tbx\AddXY" Date="20180502" Time="123016">AddXY D:\SMINESS\DOCUMENTOS\Dropbox\MED\Carto_Base\CP\CP_MODEL.gdb\WSG84\CP</Process><Process Name="ACTUALIZA_X" ToolSource="c:\program files (x86)\arcgis\desktop10.4\ArcToolbox\Toolboxes\Data Management Tools.tbx\CalculateField" Date="20180502" Time="123028">CalculateField D:\SMINESS\DOCUMENTOS\Dropbox\MED\Carto_Base\CP\CP_MODEL.gdb\WSG84\CP XGD [POINT_X] VB #</Process><Process Name="ACTUALIZA_Y" ToolSource="c:\program files (x86)\arcgis\desktop10.4\ArcToolbox\Toolboxes\Data Management Tools.tbx\CalculateField" Date="20180502" Time="123039">CalculateField D:\SMINESS\DOCUMENTOS\Dropbox\MED\Carto_Base\CP\CP_MODEL.gdb\WSG84\CP YGD [POINT_Y] VB #</Process><Process Name="ACTUALIZA_Y_X" ToolSource="c:\program files (x86)\arcgis\desktop10.4\ArcToolbox\Toolboxes\Data Management Tools.tbx\CalculateField" Date="20180502" Time="123051">CalculateField D:\SMINESS\DOCUMENTOS\Dropbox\MED\Carto_Base\CP\CP_MODEL.gdb\WSG84\CP Y_X_COORD "[YGD] &amp; [XGD]" VB #</Process><Process Name="MAYUS_MNOMCP" ToolSource="c:\program files (x86)\arcgis\desktop10.4\ArcToolbox\Toolboxes\Data Management Tools.tbx\CalculateField" Date="20180502" Time="124429">CalculateField D:\SMINESS\DOCUMENTOS\Dropbox\MED\Carto_Base\CP\CP_MODEL.gdb\WSG84\CP MNOMCP UCase( [NOMCP] ) VB #</Process><Process Name="MAYUS_DENOMINACION" ToolSource="c:\program files (x86)\arcgis\desktop10.4\ArcToolbox\Toolboxes\Data Management Tools.tbx\CalculateField" Date="20180502" Time="124441">CalculateField D:\SMINESS\DOCUMENTOS\Dropbox\MED\Carto_Base\CP\CP_MODEL.gdb\WSG84\CP DENOMINACION UCase( [NOMCP] ) VB #</Process><Process Name="AGREGA_POINT_X_Y" ToolSource="c:\program files (x86)\arcgis\desktop10.4\ArcToolbox\Toolboxes\Data Management Tools.tbx\AddXY" Date="20180502" Time="124454">AddXY D:\SMINESS\DOCUMENTOS\Dropbox\MED\Carto_Base\CP\CP_MODEL.gdb\WSG84\CP</Process><Process Name="ACTUALIZA_X" ToolSource="c:\program files (x86)\arcgis\desktop10.4\ArcToolbox\Toolboxes\Data Management Tools.tbx\CalculateField" Date="20180502" Time="124505">CalculateField D:\SMINESS\DOCUMENTOS\Dropbox\MED\Carto_Base\CP\CP_MODEL.gdb\WSG84\CP XGD [POINT_X] VB #</Process><Process Name="ACTUALIZA_Y" ToolSource="c:\program files (x86)\arcgis\desktop10.4\ArcToolbox\Toolboxes\Data Management Tools.tbx\CalculateField" Date="20180502" Time="124516">CalculateField D:\SMINESS\DOCUMENTOS\Dropbox\MED\Carto_Base\CP\CP_MODEL.gdb\WSG84\CP YGD [POINT_Y] VB #</Process><Process Name="ACTUALIZA_Y_X" ToolSource="c:\program files (x86)\arcgis\desktop10.4\ArcToolbox\Toolboxes\Data Management Tools.tbx\CalculateField" Date="20180502" Time="124528">CalculateField D:\SMINESS\DOCUMENTOS\Dropbox\MED\Carto_Base\CP\CP_MODEL.gdb\WSG84\CP Y_X_COORD "[YGD] &amp; [XGD]" VB #</Process><Process Name="MAYUS_MNOMCP" ToolSource="c:\program files (x86)\arcgis\desktop10.4\ArcToolbox\Toolboxes\Data Management Tools.tbx\CalculateField" Date="20180502" Time="125124">CalculateField D:\SMINESS\DOCUMENTOS\Dropbox\MED\Carto_Base\CP\CP_MODEL.gdb\WSG84\CP MNOMCP UCase( [NOMCP] ) VB #</Process><Process Name="MAYUS_DENOMINACION" ToolSource="c:\program files (x86)\arcgis\desktop10.4\ArcToolbox\Toolboxes\Data Management Tools.tbx\CalculateField" Date="20180502" Time="125136">CalculateField D:\SMINESS\DOCUMENTOS\Dropbox\MED\Carto_Base\CP\CP_MODEL.gdb\WSG84\CP DENOMINACION UCase( [NOMCP] ) VB #</Process><Process Name="AGREGA_POINT_X_Y" ToolSource="c:\program files (x86)\arcgis\desktop10.4\ArcToolbox\Toolboxes\Data Management Tools.tbx\AddXY" Date="20180502" Time="125150">AddXY D:\SMINESS\DOCUMENTOS\Dropbox\MED\Carto_Base\CP\CP_MODEL.gdb\WSG84\CP</Process><Process Name="ACTUALIZA_X" ToolSource="c:\program files (x86)\arcgis\desktop10.4\ArcToolbox\Toolboxes\Data Management Tools.tbx\CalculateField" Date="20180502" Time="125201">CalculateField D:\SMINESS\DOCUMENTOS\Dropbox\MED\Carto_Base\CP\CP_MODEL.gdb\WSG84\CP XGD [POINT_X] VB #</Process><Process Name="ACTUALIZA_Y" ToolSource="c:\program files (x86)\arcgis\desktop10.4\ArcToolbox\Toolboxes\Data Management Tools.tbx\CalculateField" Date="20180502" Time="125213">CalculateField D:\SMINESS\DOCUMENTOS\Dropbox\MED\Carto_Base\CP\CP_MODEL.gdb\WSG84\CP YGD [POINT_Y] VB #</Process><Process Name="ACTUALIZA_Y_X" ToolSource="c:\program files (x86)\arcgis\desktop10.4\ArcToolbox\Toolboxes\Data Management Tools.tbx\CalculateField" Date="20180502" Time="125225">CalculateField D:\SMINESS\DOCUMENTOS\Dropbox\MED\Carto_Base\CP\CP_MODEL.gdb\WSG84\CP Y_X_COORD "[YGD] &amp; [XGD]" VB #</Process><Process Name="Spatial Join_DISTRITOS" ToolSource="c:\program files (x86)\arcgis\desktop10.4\ArcToolbox\Toolboxes\Analysis Tools.tbx\SpatialJoin" Date="20180502" Time="125302">SpatialJoin D:\SMINESS\DOCUMENTOS\Dropbox\MED\Carto_Base\CP\CP_MODEL.gdb\WSG84\CP D:\SMINESS\DOCUMENTOS\OneDrive\Carto_Base\MAP_EDU_18\MAP_EDU_18.gdb\LIMITES_ADMINISTRATIVOS\DISTRITOS D:\SMINESS\DOCUMENTOS\Dropbox\MED\Carto_Base\CP\CP_MODEL.gdb\CP_SJ JOIN_ONE_TO_ONE KEEP_ALL "UBIGEO "UBIGEO" true true false 6 Text 0 0 ,First,#,D:\SMINESS\DOCUMENTOS\Dropbox\MED\Carto_Base\CP\CP_MODEL.gdb\WSG84\CP,UBIGEO,-1,-1;UBIGEO_C "UBIGEO_C" true true false 6 Text 0 0 ,First,#,D:\SMINESS\DOCUMENTOS\Dropbox\MED\Carto_Base\CP\CP_MODEL.gdb\WSG84\CP,UBIGEO_C,-1,-1;DEP "DEP" true true false 25 Text 0 0 ,First,#,D:\SMINESS\DOCUMENTOS\Dropbox\MED\Carto_Base\CP\CP_MODEL.gdb\WSG84\CP,DEP,-1,-1;PROV "PROV" true true false 40 Text 0 0 ,First,#,D:\SMINESS\DOCUMENTOS\Dropbox\MED\Carto_Base\CP\CP_MODEL.gdb\WSG84\CP,PROV,-1,-1;DIST "DIST" true true false 50 Text 0 0 ,First,#,D:\SMINESS\DOCUMENTOS\Dropbox\MED\Carto_Base\CP\CP_MODEL.gdb\WSG84\CP,DIST,-1,-1;CP_CIUDAD "CP_CIUDAD" true true false 6 Text 0 0 ,First,#,D:\SMINESS\DOCUMENTOS\Dropbox\MED\Carto_Base\CP\CP_MODEL.gdb\WSG84\CP,CP_CIUDAD,-1,-1;CPMAYOR "CPMAYOR" true true false 6 Text 0 0 ,First,#,D:\SMINESS\DOCUMENTOS\Dropbox\MED\Carto_Base\CP\CP_MODEL.gdb\WSG84\CP,CPMAYOR,-1,-1;CODCP "CODCP" true true false 6 Text 0 0 ,First,#,D:\SMINESS\DOCUMENTOS\Dropbox\MED\Carto_Base\CP\CP_MODEL.gdb\WSG84\CP,CODCP,-1,-1;NOMCP "NOMCP" true true false 100 Text 0 0 ,First,#,D:\SMINESS\DOCUMENTOS\Dropbox\MED\Carto_Base\CP\CP_MODEL.gdb\WSG84\CP,NOMCP,-1,-1;MNOMCP "MNOMCP" true true false 60 Text 0 0 ,First,#,D:\SMINESS\DOCUMENTOS\Dropbox\MED\Carto_Base\CP\CP_MODEL.gdb\WSG84\CP,MNOMCP,-1,-1;DENOMINACION "DENOMINACION" true true false 100 Text 0 0 ,First,#,D:\SMINESS\DOCUMENTOS\Dropbox\MED\Carto_Base\CP\CP_MODEL.gdb\WSG84\CP,DENOMINACION,-1,-1;FTE_NOMCP "FTE_NOMCP" true true false 20 Text 0 0 ,First,#,D:\SMINESS\DOCUMENTOS\Dropbox\MED\Carto_Base\CP\CP_MODEL.gdb\WSG84\CP,FTE_NOMCP,-1,-1;UBICADO "UBICADO" true true false 1 Text 0 0 ,First,#,D:\SMINESS\DOCUMENTOS\Dropbox\MED\Carto_Base\CP\CP_MODEL.gdb\WSG84\CP,UBICADO,-1,-1;LOCALIDAD_CP "LOCALIDAD_CP" true true false 1 Text 0 0 ,First,#,D:\SMINESS\DOCUMENTOS\Dropbox\MED\Carto_Base\CP\CP_MODEL.gdb\WSG84\CP,LOCALIDAD_CP,-1,-1;CAPITAL "CAPITAL" true true false 1 Text 0 0 ,First,#,D:\SMINESS\DOCUMENTOS\Dropbox\MED\Carto_Base\CP\CP_MODEL.gdb\WSG84\CP,CAPITAL,-1,-1;SEDE_UGEL "SEDE_UGEL" true true false 1 Text 0 0 ,First,#,D:\SMINESS\DOCUMENTOS\Dropbox\MED\Carto_Base\CP\CP_MODEL.gdb\WSG84\CP,SEDE_UGEL,-1,-1;CODOOII "CODOOII" true true false 6 Text 0 0 ,First,#,D:\SMINESS\DOCUMENTOS\Dropbox\MED\Carto_Base\CP\CP_MODEL.gdb\WSG84\CP,CODOOII,-1,-1;LUGAR "LUGAR" true true false 7 Text 0 0 ,First,#,D:\SMINESS\DOCUMENTOS\Dropbox\MED\Carto_Base\CP\CP_MODEL.gdb\WSG84\CP,LUGAR,-1,-1;CON_IE "CON_IE" true true false 1 Text 0 0 ,First,#,D:\SMINESS\DOCUMENTOS\Dropbox\MED\Carto_Base\CP\CP_MODEL.gdb\WSG84\CP,CON_IE,-1,-1;NIVEL "NIVEL" true true false 8 Text 0 0 ,First,#,D:\SMINESS\DOCUMENTOS\Dropbox\MED\Carto_Base\CP\CP_MODEL.gdb\WSG84\CP,NIVEL,-1,-1;CPINEI "CPINEI" true true false 10 Text 0 0 ,First,#,D:\SMINESS\DOCUMENTOS\Dropbox\MED\Carto_Base\CP\CP_MODEL.gdb\WSG84\CP,CPINEI,-1,-1;CPINEI2 "CPINEI2" true true false 10 Text 0 0 ,First,#,D:\SMINESS\DOCUMENTOS\Dropbox\MED\Carto_Base\CP\CP_MODEL.gdb\WSG84\CP,CPINEI2,-1,-1;CPINEI_BKP "CPINEI_BKP" true true false 10 Text 0 0 ,First,#,D:\SMINESS\DOCUMENTOS\Dropbox\MED\Carto_Base\CP\CP_MODEL.gdb\WSG84\CP,CPINEI_BKP,-1,-1;FUENTE_INEI17 "FUENTE_INEI17" true true false 15 Text 0 0 ,First,#,D:\SMINESS\DOCUMENTOS\Dropbox\MED\Carto_Base\CP\CP_MODEL.gdb\WSG84\CP,FUENTE_INEI17,-1,-1;CPINEI_MAYOR "CPINEI_MAYOR" true true false 10 Text 0 0 ,First,#,D:\SMINESS\DOCUMENTOS\Dropbox\MED\Carto_Base\CP\CP_MODEL.gdb\WSG84\CP,CPINEI_MAYOR,-1,-1;NOMCP_MAYOR "NOMCP_MAYOR" true true false 100 Text 0 0 ,First,#,D:\SMINESS\DOCUMENTOS\Dropbox\MED\Carto_Base\CP\CP_MODEL.gdb\WSG84\CP,NOMCP_MAYOR,-1,-1;COD_URB "COD_URB" true true false 16 Text 0 0 ,First,#,D:\SMINESS\DOCUMENTOS\Dropbox\MED\Carto_Base\CP\CP_MODEL.gdb\WSG84\CP,COD_URB,-1,-1;N_IIEE "N_IIEE" true true false 4 Long 0 0 ,First,#,D:\SMINESS\DOCUMENTOS\Dropbox\MED\Carto_Base\CP\CP_MODEL.gdb\WSG84\CP,N_IIEE,-1,-1;N_LOCAL "N_LOCAL" true true false 4 Long 0 0 ,First,#,D:\SMINESS\DOCUMENTOS\Dropbox\MED\Carto_Base\CP\CP_MODEL.gdb\WSG84\CP,N_LOCAL,-1,-1;N_ALUM "N_ALUM" true true false 4 Long 0 0 ,First,#,D:\SMINESS\DOCUMENTOS\Dropbox\MED\Carto_Base\CP\CP_MODEL.gdb\WSG84\CP,N_ALUM,-1,-1;N_DOCENTES "N_DOCENTES" true true false 4 Long 0 0 ,First,#,D:\SMINESS\DOCUMENTOS\Dropbox\MED\Carto_Base\CP\CP_MODEL.gdb\WSG84\CP,N_DOCENTES,-1,-1;FUENTE_G "FUENTE_G" true true false 20 Text 0 0 ,First,#,D:\SMINESS\DOCUMENTOS\Dropbox\MED\Carto_Base\CP\CP_MODEL.gdb\WSG84\CP,FUENTE_G,-1,-1;FUENTE_SIG "FUENTE_SIG" true true false 25 Text 0 0 ,First,#,D:\SMINESS\DOCUMENTOS\Dropbox\MED\Carto_Base\CP\CP_MODEL.gdb\WSG84\CP,FUENTE_SIG,-1,-1;BORRADO "BORRADO" true true false 1 Text 0 0 ,First,#,D:\SMINESS\DOCUMENTOS\Dropbox\MED\Carto_Base\CP\CP_MODEL.gdb\WSG84\CP,BORRADO,-1,-1;IDDUP "IDDUP" true true false 4 Long 0 0 ,First,#,D:\SMINESS\DOCUMENTOS\Dropbox\MED\Carto_Base\CP\CP_MODEL.gdb\WSG84\CP,IDDUP,-1,-1;CODCPDUP "CODCPDUP" true true false 6 Text 0 0 ,First,#,D:\SMINESS\DOCUMENTOS\Dropbox\MED\Carto_Base\CP\CP_MODEL.gdb\WSG84\CP,CODCPDUP,-1,-1;CODCPDUP2 "CODCPDUP2" true true false 6 Text 0 0 ,First,#,D:\SMINESS\DOCUMENTOS\Dropbox\MED\Carto_Base\CP\CP_MODEL.gdb\WSG84\CP,CODCPDUP2,-1,-1;CODCPDUP3 "CODCPDUP3" true true false 6 Text 0 0 ,First,#,D:\SMINESS\DOCUMENTOS\Dropbox\MED\Carto_Base\CP\CP_MODEL.gdb\WSG84\CP,CODCPDUP3,-1,-1;CODCPDUP4 "CODCPDUP4" true true false 6 Text 0 0 ,First,#,D:\SMINESS\DOCUMENTOS\Dropbox\MED\Carto_Base\CP\CP_MODEL.gdb\WSG84\CP,CODCPDUP4,-1,-1;USUARIO "USUARIO" true true false 20 Text 0 0 ,First,#,D:\SMINESS\DOCUMENTOS\Dropbox\MED\Carto_Base\CP\CP_MODEL.gdb\WSG84\CP,USUARIO,-1,-1;FECHA "FECHA" true true false 8 Date 0 0 ,First,#,D:\SMINESS\DOCUMENTOS\Dropbox\MED\Carto_Base\CP\CP_MODEL.gdb\WSG84\CP,FECHA,-1,-1;AREA_C "AREA_C" true true false 2 Text 0 0 ,First,#,D:\SMINESS\DOCUMENTOS\Dropbox\MED\Carto_Base\CP\CP_MODEL.gdb\WSG84\CP,AREA_C,-1,-1;AREA "AREA" true true false 1 Text 0 0 ,First,#,D:\SMINESS\DOCUMENTOS\Dropbox\MED\Carto_Base\CP\CP_MODEL.gdb\WSG84\CP,AREA,-1,-1;FTE_AREA "FTE_AREA" true true false 20 Text 0 0 ,First,#,D:\SMINESS\DOCUMENTOS\Dropbox\MED\Carto_Base\CP\CP_MODEL.gdb\WSG84\CP,FTE_AREA,-1,-1;AREA_2000 "AREA_2000" true true false 1 Text 0 0 ,First,#,D:\SMINESS\DOCUMENTOS\Dropbox\MED\Carto_Base\CP\CP_MODEL.gdb\WSG84\CP,AREA_2000,-1,-1;CPM "CPM" true true false 255 Text 0 0 ,First,#,D:\SMINESS\DOCUMENTOS\Dropbox\MED\Carto_Base\CP\CP_MODEL.gdb\WSG84\CP,CPM,-1,-1;GRADIENTE_2000 "GRADIENTE_2000" true true false 10 Text 0 0 ,First,#,D:\SMINESS\DOCUMENTOS\Dropbox\MED\Carto_Base\CP\CP_MODEL.gdb\WSG84\CP,GRADIENTE_2000,-1,-1;CATEGORIA "CATEGORIA" true true false 30 Text 0 0 ,First,#,D:\SMINESS\DOCUMENTOS\Dropbox\MED\Carto_Base\CP\CP_MODEL.gdb\WSG84\CP,CATEGORIA,-1,-1;POLURB "POLURB" true true false 50 Text 0 0 ,First,#,D:\SMINESS\DOCUMENTOS\Dropbox\MED\Carto_Base\CP\CP_MODEL.gdb\WSG84\CP,POLURB,-1,-1;TACCESO_CD "TACCESO_CD" true true false 8 Double 0 0 ,First,#,D:\SMINESS\DOCUMENTOS\Dropbox\MED\Carto_Base\CP\CP_MODEL.gdb\WSG84\CP,TACCESO_CD,-1,-1;TACCESO_CP "TACCESO_CP" true true false 8 Double 0 0 ,First,#,D:\SMINESS\DOCUMENTOS\Dropbox\MED\Carto_Base\CP\CP_MODEL.gdb\WSG84\CP,TACCESO_CP,-1,-1;REG_NAT "REG_NAT" true true false 20 Text 0 0 ,First,#,D:\SMINESS\DOCUMENTOS\Dropbox\MED\Carto_Base\CP\CP_MODEL.gdb\WSG84\CP,REG_NAT,-1,-1;REG_OCHO "REG_OCHO" true true false 50 Text 0 0 ,First,#,D:\SMINESS\DOCUMENTOS\Dropbox\MED\Carto_Base\CP\CP_MODEL.gdb\WSG84\CP,REG_OCHO,-1,-1;Z "Z" true true false 4 Long 0 0 ,First,#,D:\SMINESS\DOCUMENTOS\Dropbox\MED\Carto_Base\CP\CP_MODEL.gdb\WSG84\CP,Z,-1,-1;Z_UTM "Z_UTM" true true false 2 Text 0 0 ,First,#,D:\SMINESS\DOCUMENTOS\Dropbox\MED\Carto_Base\CP\CP_MODEL.gdb\WSG84\CP,Z_UTM,-1,-1;X_UTM "X_UTM" true true false 8 Double 0 0 ,First,#,D:\SMINESS\DOCUMENTOS\Dropbox\MED\Carto_Base\CP\CP_MODEL.gdb\WSG84\CP,X_UTM,-1,-1;Y_UTM "Y_UTM" true true false 8 Double 0 0 ,First,#,D:\SMINESS\DOCUMENTOS\Dropbox\MED\Carto_Base\CP\CP_MODEL.gdb\WSG84\CP,Y_UTM,-1,-1;XGD "XGD" true true false 8 Double 0 0 ,First,#,D:\SMINESS\DOCUMENTOS\Dropbox\MED\Carto_Base\CP\CP_MODEL.gdb\WSG84\CP,XGD,-1,-1;YGD "YGD" true true false 8 Double 0 0 ,First,#,D:\SMINESS\DOCUMENTOS\Dropbox\MED\Carto_Base\CP\CP_MODEL.gdb\WSG84\CP,YGD,-1,-1;Y_X_COORD "Y_X_COORD" true true false 100 Text 0 0 ,First,#,D:\SMINESS\DOCUMENTOS\Dropbox\MED\Carto_Base\CP\CP_MODEL.gdb\WSG84\CP,Y_X_COORD,-1,-1;OBS "OBS" true true false 200 Text 0 0 ,First,#,D:\SMINESS\DOCUMENTOS\Dropbox\MED\Carto_Base\CP\CP_MODEL.gdb\WSG84\CP,OBS,-1,-1;CONTROL "CONTROL" true true false 10 Text 0 0 ,First,#,D:\SMINESS\DOCUMENTOS\Dropbox\MED\Carto_Base\CP\CP_MODEL.gdb\WSG84\CP,CONTROL,-1,-1;POINT_X "POINT_X" true true false 8 Double 0 0 ,First,#,D:\SMINESS\DOCUMENTOS\Dropbox\MED\Carto_Base\CP\CP_MODEL.gdb\WSG84\CP,POINT_X,-1,-1;POINT_Y "POINT_Y" true true false 8 Double 0 0 ,First,#,D:\SMINESS\DOCUMENTOS\Dropbox\MED\Carto_Base\CP\CP_MODEL.gdb\WSG84\CP,POINT_Y,-1,-1;IDDPTO "IDDPTO" true true false 2 Text 0 0 ,First,#,D:\SMINESS\DOCUMENTOS\OneDrive\Carto_Base\MAP_EDU_18\MAP_EDU_18.gdb\LIMITES_ADMINISTRATIVOS\DISTRITOS,IDDPTO,-1,-1;NOMBDEP "NOMBDEP" true true false 25 Text 0 0 ,First,#,D:\SMINESS\DOCUMENTOS\OneDrive\Carto_Base\MAP_EDU_18\MAP_EDU_18.gdb\LIMITES_ADMINISTRATIVOS\DISTRITOS,NOMBDEP,-1,-1;IDPROV "IDPROV" true true false 4 Text 0 0 ,First,#,D:\SMINESS\DOCUMENTOS\OneDrive\Carto_Base\MAP_EDU_18\MAP_EDU_18.gdb\LIMITES_ADMINISTRATIVOS\DISTRITOS,IDPROV,-1,-1;NOMBPROV "NOMBPROV" true true false 40 Text 0 0 ,First,#,D:\SMINESS\DOCUMENTOS\OneDrive\Carto_Base\MAP_EDU_18\MAP_EDU_18.gdb\LIMITES_ADMINISTRATIVOS\DISTRITOS,NOMBPROV,-1,-1;IDDIST "IDDIST" true true false 8 Text 0 0 ,First,#,D:\SMINESS\DOCUMENTOS\OneDrive\Carto_Base\MAP_EDU_18\MAP_EDU_18.gdb\LIMITES_ADMINISTRATIVOS\DISTRITOS,IDDIST,-1,-1;NOMBDIST "NOMBDIST" true true false 50 Text 0 0 ,First,#,D:\SMINESS\DOCUMENTOS\OneDrive\Carto_Base\MAP_EDU_18\MAP_EDU_18.gdb\LIMITES_ADMINISTRATIVOS\DISTRITOS,NOMBDIST,-1,-1;DCTO "DCTO" true true false 6 Text 0 0 ,First,#,D:\SMINESS\DOCUMENTOS\OneDrive\Carto_Base\MAP_EDU_18\MAP_EDU_18.gdb\LIMITES_ADMINISTRATIVOS\DISTRITOS,DCTO,-1,-1;LEY "LEY" true true false 6 Text 0 0 ,First,#,D:\SMINESS\DOCUMENTOS\OneDrive\Carto_Base\MAP_EDU_18\MAP_EDU_18.gdb\LIMITES_ADMINISTRATIVOS\DISTRITOS,LEY,-1,-1;FECHA_1 "FECHA_1" true true false 12 Text 0 0 ,First,#,D:\SMINESS\DOCUMENTOS\OneDrive\Carto_Base\MAP_EDU_18\MAP_EDU_18.gdb\LIMITES_ADMINISTRATIVOS\DISTRITOS,FECHA,-1,-1;NOM_CAP "NOM_CAP" true true false 40 Text 0 0 ,First,#,D:\SMINESS\DOCUMENTOS\OneDrive\Carto_Base\MAP_EDU_18\MAP_EDU_18.gdb\LIMITES_ADMINISTRATIVOS\DISTRITOS,NOM_CAP,-1,-1;SUP_CONTIN "SUP_CONTIN" true true false 8 Double 0 0 ,First,#,D:\SMINESS\DOCUMENTOS\OneDrive\Carto_Base\MAP_EDU_18\MAP_EDU_18.gdb\LIMITES_ADMINISTRATIVOS\DISTRITOS,SUP_CONTIN,-1,-1;SUP_INSULA "SUP_INSULA" true true false 8 Double 0 0 ,First,#,D:\SMINESS\DOCUMENTOS\OneDrive\Carto_Base\MAP_EDU_18\MAP_EDU_18.gdb\LIMITES_ADMINISTRATIVOS\DISTRITOS,SUP_INSULA,-1,-1;SUP_LACUST "SUP_LACUST" true true false 8 Double 0 0 ,First,#,D:\SMINESS\DOCUMENTOS\OneDrive\Carto_Base\MAP_EDU_18\MAP_EDU_18.gdb\LIMITES_ADMINISTRATIVOS\DISTRITOS,SUP_LACUST,-1,-1;SUP_INS_D "SUP_INS_D" true true false 8 Double 0 0 ,First,#,D:\SMINESS\DOCUMENTOS\OneDrive\Carto_Base\MAP_EDU_18\MAP_EDU_18.gdb\LIMITES_ADMINISTRATIVOS\DISTRITOS,SUP_INS_D,-1,-1;Shape_Length "Shape_Length" false true true 8 Double 0 0 ,First,#,D:\SMINESS\DOCUMENTOS\OneDrive\Carto_Base\MAP_EDU_18\MAP_EDU_18.gdb\LIMITES_ADMINISTRATIVOS\DISTRITOS,Shape_Length,-1,-1;Shape_Area "Shape_Area" false true true 8 Double 0 0 ,First,#,D:\SMINESS\DOCUMENTOS\OneDrive\Carto_Base\MAP_EDU_18\MAP_EDU_18.gdb\LIMITES_ADMINISTRATIVOS\DISTRITOS,Shape_Area,-1,-1" INTERSECT # #</Process><Process Name="ACTUALIZA_UBIGEO" ToolSource="c:\program files (x86)\arcgis\desktop10.4\ArcToolbox\Toolboxes\Data Management Tools.tbx\CalculateField" Date="20180502" Time="125315">CalculateField D:\SMINESS\DOCUMENTOS\Dropbox\MED\Carto_Base\CP\CP_MODEL.gdb\CP_SJ UBIGEO codubigeo VB "Dim codubigeo\nIF [Join_Count] =1 Then\ncodubigeo = [IDDIST]  \nelse \ncodubigeo= [UBIGEO] \nend if"</Process><Process Name="ACTUALIZA_DEP" ToolSource="c:\program files (x86)\arcgis\desktop10.4\ArcToolbox\Toolboxes\Data Management Tools.tbx\CalculateField" Date="20180502" Time="125327">CalculateField D:\SMINESS\DOCUMENTOS\Dropbox\MED\Carto_Base\CP\CP_MODEL.gdb\CP_SJ DEP nomdep1 VB "Dim nomdep1\nIF [Join_Count] =1 Then\nnomdep1 = [NOMBDEP]  \nelse \nnomdep1= [DEP] \nend if"</Process><Process Name="ACTUALIZA_PROV" ToolSource="c:\program files (x86)\arcgis\desktop10.4\ArcToolbox\Toolboxes\Data Management Tools.tbx\CalculateField" Date="20180502" Time="125339">CalculateField D:\SMINESS\DOCUMENTOS\Dropbox\MED\Carto_Base\CP\CP_MODEL.gdb\CP_SJ PROV nomprov1 VB "Dim nomprov1\nIF [Join_Count] =1 Then\nnomprov1 = [NOMBPROV] \nelse \nnomprov1= [PROV] \nend if"</Process><Process Name="ACTUALIZA_DIST" ToolSource="c:\program files (x86)\arcgis\desktop10.4\ArcToolbox\Toolboxes\Data Management Tools.tbx\CalculateField" Date="20180502" Time="125351">CalculateField D:\SMINESS\DOCUMENTOS\Dropbox\MED\Carto_Base\CP\CP_MODEL.gdb\CP_SJ DIST nomdist1 VB "Dim nomdist1\nIF [Join_Count] =1 Then\nnomdist1 = [NOMBDIST] \nelse \nnomdist1= [DIST] \nend if"</Process><Process Name="BORRANDO_CAMPOS" ToolSource="c:\program files (x86)\arcgis\desktop10.4\ArcToolbox\Toolboxes\Data Management Tools.tbx\DeleteField" Date="20180502" Time="125444">DeleteField D:\SMINESS\DOCUMENTOS\Dropbox\MED\Carto_Base\CP\CP_MODEL.gdb\CP_SJ Join_Count;TARGET_FID;POINT_X;POINT_Y;POINT_Z;POINT_M;IDDPTO;NOMBDEP;IDPROV;NOMBPROV;IDDIST;NOMBDIST</Process><Process Name="ALTITUD" ToolSource="c:\program files (x86)\arcgis\desktop10.4\ArcToolbox\Toolboxes\Spatial Analyst Tools.tbx\ExtractValuesToPoints" Date="20180502" Time="125707">ExtractValuesToPoints D:\SMINESS\DOCUMENTOS\Dropbox\MED\Carto_Base\CP\CP_MODEL.gdb\CP_SJ D:\SMINESS\DOCUMENTOS\ACCESIBILIDAD\DEM\SRTM_30M\Merge_30_SRTM\UNIDO_WSG84\Merge_30_geo_s.tif D:\SMINESS\DOCUMENTOS\Dropbox\MED\Carto_Base\CP\CP_MODEL.gdb\CP_FINAL NONE VALUE_ONLY</Process><Process Name="Calculate Field" ToolSource="c:\program files (x86)\arcgis\desktop10.4\ArcToolbox\Toolboxes\Data Management Tools.tbx\CalculateField" Date="20180502" Time="125719">CalculateField D:\SMINESS\DOCUMENTOS\Dropbox\MED\Carto_Base\CP\CP_MODEL.gdb\CP_FINAL Z [RASTERVALU] VB #</Process><Process Name="Delete Field" ToolSource="c:\program files (x86)\arcgis\desktop10.4\ArcToolbox\Toolboxes\Data Management Tools.tbx\DeleteField" Date="20180502" Time="125725">DeleteField D:\SMINESS\DOCUMENTOS\Dropbox\MED\Carto_Base\CP\CP_MODEL.gdb\CP_FINAL RASTERVALU</Process><Process ToolSource="c:\program files (x86)\arcgis\desktop10.4\ArcToolbox\Toolboxes\Data Management Tools.tbx\CalculateField" Date="20180502" Time="130017">CalculateField CP_FINAL DIST "HUALLA" VB #</Process><Process Name="MAYUS_MNOMCP" ToolSource="c:\program files (x86)\arcgis\desktop10.4\ArcToolbox\Toolboxes\Data Management Tools.tbx\CalculateField" Date="20180726" Time="153059">CalculateField D:\SMINESS\DOCUMENTOS\Dropbox\MED\Carto_Base\CP\CP_MODEL.gdb\WSG84\CP MNOMCP UCase( [NOMCP] ) VB #</Process><Process Name="MAYUS_DENOMINACION" ToolSource="c:\program files (x86)\arcgis\desktop10.4\ArcToolbox\Toolboxes\Data Management Tools.tbx\CalculateField" Date="20180726" Time="153114">CalculateField D:\SMINESS\DOCUMENTOS\Dropbox\MED\Carto_Base\CP\CP_MODEL.gdb\WSG84\CP DENOMINACION UCase( [NOMCP] ) VB #</Process><Process Name="AGREGA_POINT_X_Y" ToolSource="c:\program files (x86)\arcgis\desktop10.4\ArcToolbox\Toolboxes\Data Management Tools.tbx\AddXY" Date="20180726" Time="153135">AddXY D:\SMINESS\DOCUMENTOS\Dropbox\MED\Carto_Base\CP\CP_MODEL.gdb\WSG84\CP</Process><Process Name="ACTUALIZA_X" ToolSource="c:\program files (x86)\arcgis\desktop10.4\ArcToolbox\Toolboxes\Data Management Tools.tbx\CalculateField" Date="20180726" Time="153149">CalculateField D:\SMINESS\DOCUMENTOS\Dropbox\MED\Carto_Base\CP\CP_MODEL.gdb\WSG84\CP XGD [POINT_X] VB #</Process><Process Name="ACTUALIZA_Y" ToolSource="c:\program files (x86)\arcgis\desktop10.4\ArcToolbox\Toolboxes\Data Management Tools.tbx\CalculateField" Date="20180726" Time="153203">CalculateField D:\SMINESS\DOCUMENTOS\Dropbox\MED\Carto_Base\CP\CP_MODEL.gdb\WSG84\CP YGD [POINT_Y] VB #</Process><Process Name="ACTUALIZA_Y_X" ToolSource="c:\program files (x86)\arcgis\desktop10.4\ArcToolbox\Toolboxes\Data Management Tools.tbx\CalculateField" Date="20180726" Time="153218">CalculateField D:\SMINESS\DOCUMENTOS\Dropbox\MED\Carto_Base\CP\CP_MODEL.gdb\WSG84\CP Y_X_COORD "[YGD] &amp; [XGD]" VB #</Process><Process Name="MAYUS_MNOMCP" ToolSource="c:\program files (x86)\arcgis\desktop10.4\ArcToolbox\Toolboxes\Data Management Tools.tbx\CalculateField" Date="20180726" Time="153647">CalculateField D:\SMINESS\DOCUMENTOS\Dropbox\MED\Carto_Base\CP\CP_MODEL.gdb\WSG84\CP MNOMCP UCase( [NOMCP] ) VB #</Process><Process Name="MAYUS_DENOMINACION" ToolSource="c:\program files (x86)\arcgis\desktop10.4\ArcToolbox\Toolboxes\Data Management Tools.tbx\CalculateField" Date="20180726" Time="153701">CalculateField D:\SMINESS\DOCUMENTOS\Dropbox\MED\Carto_Base\CP\CP_MODEL.gdb\WSG84\CP DENOMINACION UCase( [NOMCP] ) VB #</Process><Process Name="AGREGA_POINT_X_Y" ToolSource="c:\program files (x86)\arcgis\desktop10.4\ArcToolbox\Toolboxes\Data Management Tools.tbx\AddXY" Date="20180726" Time="153717">AddXY D:\SMINESS\DOCUMENTOS\Dropbox\MED\Carto_Base\CP\CP_MODEL.gdb\WSG84\CP</Process><Process Name="ACTUALIZA_X" ToolSource="c:\program files (x86)\arcgis\desktop10.4\ArcToolbox\Toolboxes\Data Management Tools.tbx\CalculateField" Date="20180726" Time="153731">CalculateField D:\SMINESS\DOCUMENTOS\Dropbox\MED\Carto_Base\CP\CP_MODEL.gdb\WSG84\CP XGD [POINT_X] VB #</Process><Process Name="ACTUALIZA_Y" ToolSource="c:\program files (x86)\arcgis\desktop10.4\ArcToolbox\Toolboxes\Data Management Tools.tbx\CalculateField" Date="20180726" Time="153745">CalculateField D:\SMINESS\DOCUMENTOS\Dropbox\MED\Carto_Base\CP\CP_MODEL.gdb\WSG84\CP YGD [POINT_Y] VB #</Process><Process Name="ACTUALIZA_Y_X" ToolSource="c:\program files (x86)\arcgis\desktop10.4\ArcToolbox\Toolboxes\Data Management Tools.tbx\CalculateField" Date="20180726" Time="153759">CalculateField D:\SMINESS\DOCUMENTOS\Dropbox\MED\Carto_Base\CP\CP_MODEL.gdb\WSG84\CP Y_X_COORD "[YGD] &amp; [XGD]" VB #</Process><Process Name="MAYUS_MNOMCP" ToolSource="c:\program files (x86)\arcgis\desktop10.4\ArcToolbox\Toolboxes\Data Management Tools.tbx\CalculateField" Date="20180726" Time="154433">CalculateField D:\SMINESS\DOCUMENTOS\Dropbox\MED\Carto_Base\CP\CP_MODEL.gdb\WSG84\CP MNOMCP UCase( [NOMCP] ) VB #</Process><Process Name="MAYUS_DENOMINACION" ToolSource="c:\program files (x86)\arcgis\desktop10.4\ArcToolbox\Toolboxes\Data Management Tools.tbx\CalculateField" Date="20180726" Time="154448">CalculateField D:\SMINESS\DOCUMENTOS\Dropbox\MED\Carto_Base\CP\CP_MODEL.gdb\WSG84\CP DENOMINACION UCase( [NOMCP] ) VB #</Process><Process Name="AGREGA_POINT_X_Y" ToolSource="c:\program files (x86)\arcgis\desktop10.4\ArcToolbox\Toolboxes\Data Management Tools.tbx\AddXY" Date="20180726" Time="154505">AddXY D:\SMINESS\DOCUMENTOS\Dropbox\MED\Carto_Base\CP\CP_MODEL.gdb\WSG84\CP</Process><Process Name="ACTUALIZA_X" ToolSource="c:\program files (x86)\arcgis\desktop10.4\ArcToolbox\Toolboxes\Data Management Tools.tbx\CalculateField" Date="20180726" Time="154519">CalculateField D:\SMINESS\DOCUMENTOS\Dropbox\MED\Carto_Base\CP\CP_MODEL.gdb\WSG84\CP XGD [POINT_X] VB #</Process><Process Name="ACTUALIZA_Y" ToolSource="c:\program files (x86)\arcgis\desktop10.4\ArcToolbox\Toolboxes\Data Management Tools.tbx\CalculateField" Date="20180726" Time="154533">CalculateField D:\SMINESS\DOCUMENTOS\Dropbox\MED\Carto_Base\CP\CP_MODEL.gdb\WSG84\CP YGD [POINT_Y] VB #</Process><Process Name="ACTUALIZA_Y_X" ToolSource="c:\program files (x86)\arcgis\desktop10.4\ArcToolbox\Toolboxes\Data Management Tools.tbx\CalculateField" Date="20180726" Time="154548">CalculateField D:\SMINESS\DOCUMENTOS\Dropbox\MED\Carto_Base\CP\CP_MODEL.gdb\WSG84\CP Y_X_COORD "[YGD] &amp; [XGD]" VB #</Process><Process Name="MAYUS_MNOMCP" ToolSource="c:\program files (x86)\arcgis\desktop10.4\ArcToolbox\Toolboxes\Data Management Tools.tbx\CalculateField" Date="20180726" Time="160540">CalculateField D:\SMINESS\DOCUMENTOS\Dropbox\MED\Carto_Base\CP\CP_MODEL.gdb\WSG84\CP MNOMCP UCase( [NOMCP] ) VB #</Process><Process Name="MAYUS_DENOMINACION" ToolSource="c:\program files (x86)\arcgis\desktop10.4\ArcToolbox\Toolboxes\Data Management Tools.tbx\CalculateField" Date="20180726" Time="160557">CalculateField D:\SMINESS\DOCUMENTOS\Dropbox\MED\Carto_Base\CP\CP_MODEL.gdb\WSG84\CP DENOMINACION UCase( [NOMCP] ) VB #</Process><Process Name="AGREGA_POINT_X_Y" ToolSource="c:\program files (x86)\arcgis\desktop10.4\ArcToolbox\Toolboxes\Data Management Tools.tbx\AddXY" Date="20180726" Time="160614">AddXY D:\SMINESS\DOCUMENTOS\Dropbox\MED\Carto_Base\CP\CP_MODEL.gdb\WSG84\CP</Process><Process Name="ACTUALIZA_X" ToolSource="c:\program files (x86)\arcgis\desktop10.4\ArcToolbox\Toolboxes\Data Management Tools.tbx\CalculateField" Date="20180726" Time="160628">CalculateField D:\SMINESS\DOCUMENTOS\Dropbox\MED\Carto_Base\CP\CP_MODEL.gdb\WSG84\CP XGD [POINT_X] VB #</Process><Process Name="ACTUALIZA_Y" ToolSource="c:\program files (x86)\arcgis\desktop10.4\ArcToolbox\Toolboxes\Data Management Tools.tbx\CalculateField" Date="20180726" Time="160642">CalculateField D:\SMINESS\DOCUMENTOS\Dropbox\MED\Carto_Base\CP\CP_MODEL.gdb\WSG84\CP YGD [POINT_Y] VB #</Process><Process Name="ACTUALIZA_Y_X" ToolSource="c:\program files (x86)\arcgis\desktop10.4\ArcToolbox\Toolboxes\Data Management Tools.tbx\CalculateField" Date="20180726" Time="160657">CalculateField D:\SMINESS\DOCUMENTOS\Dropbox\MED\Carto_Base\CP\CP_MODEL.gdb\WSG84\CP Y_X_COORD "[YGD] &amp; [XGD]" VB #</Process><Process Name="MAYUS_MNOMCP" ToolSource="c:\program files (x86)\arcgis\desktop10.4\ArcToolbox\Toolboxes\Data Management Tools.tbx\CalculateField" Date="20180726" Time="162552">CalculateField D:\SMINESS\DOCUMENTOS\Dropbox\MED\Carto_Base\CP\CP_MODEL.gdb\WSG84\CP MNOMCP UCase( [NOMCP] ) VB #</Process><Process Name="MAYUS_DENOMINACION" ToolSource="c:\program files (x86)\arcgis\desktop10.4\ArcToolbox\Toolboxes\Data Management Tools.tbx\CalculateField" Date="20180726" Time="162606">CalculateField D:\SMINESS\DOCUMENTOS\Dropbox\MED\Carto_Base\CP\CP_MODEL.gdb\WSG84\CP DENOMINACION UCase( [NOMCP] ) VB #</Process><Process Name="AGREGA_POINT_X_Y" ToolSource="c:\program files (x86)\arcgis\desktop10.4\ArcToolbox\Toolboxes\Data Management Tools.tbx\AddXY" Date="20180726" Time="162622">AddXY D:\SMINESS\DOCUMENTOS\Dropbox\MED\Carto_Base\CP\CP_MODEL.gdb\WSG84\CP</Process><Process Name="ACTUALIZA_X" ToolSource="c:\program files (x86)\arcgis\desktop10.4\ArcToolbox\Toolboxes\Data Management Tools.tbx\CalculateField" Date="20180726" Time="162636">CalculateField D:\SMINESS\DOCUMENTOS\Dropbox\MED\Carto_Base\CP\CP_MODEL.gdb\WSG84\CP XGD [POINT_X] VB #</Process><Process Name="ACTUALIZA_Y" ToolSource="c:\program files (x86)\arcgis\desktop10.4\ArcToolbox\Toolboxes\Data Management Tools.tbx\CalculateField" Date="20180726" Time="162650">CalculateField D:\SMINESS\DOCUMENTOS\Dropbox\MED\Carto_Base\CP\CP_MODEL.gdb\WSG84\CP YGD [POINT_Y] VB #</Process><Process Name="ACTUALIZA_Y_X" ToolSource="c:\program files (x86)\arcgis\desktop10.4\ArcToolbox\Toolboxes\Data Management Tools.tbx\CalculateField" Date="20180726" Time="162705">CalculateField D:\SMINESS\DOCUMENTOS\Dropbox\MED\Carto_Base\CP\CP_MODEL.gdb\WSG84\CP Y_X_COORD "[YGD] &amp; [XGD]" VB #</Process><Process Name="MAYUS_MNOMCP" ToolSource="c:\program files (x86)\arcgis\desktop10.4\ArcToolbox\Toolboxes\Data Management Tools.tbx\CalculateField" Date="20180726" Time="164532">CalculateField D:\SMINESS\DOCUMENTOS\Dropbox\MED\Carto_Base\CP\CP_MODEL.gdb\WSG84\CP MNOMCP UCase( [NOMCP] ) VB #</Process><Process Name="MAYUS_DENOMINACION" ToolSource="c:\program files (x86)\arcgis\desktop10.4\ArcToolbox\Toolboxes\Data Management Tools.tbx\CalculateField" Date="20180726" Time="164547">CalculateField D:\SMINESS\DOCUMENTOS\Dropbox\MED\Carto_Base\CP\CP_MODEL.gdb\WSG84\CP DENOMINACION UCase( [NOMCP] ) VB #</Process><Process Name="AGREGA_POINT_X_Y" ToolSource="c:\program files (x86)\arcgis\desktop10.4\ArcToolbox\Toolboxes\Data Management Tools.tbx\AddXY" Date="20180726" Time="164602">AddXY D:\SMINESS\DOCUMENTOS\Dropbox\MED\Carto_Base\CP\CP_MODEL.gdb\WSG84\CP</Process><Process Name="ACTUALIZA_X" ToolSource="c:\program files (x86)\arcgis\desktop10.4\ArcToolbox\Toolboxes\Data Management Tools.tbx\CalculateField" Date="20180726" Time="164616">CalculateField D:\SMINESS\DOCUMENTOS\Dropbox\MED\Carto_Base\CP\CP_MODEL.gdb\WSG84\CP XGD [POINT_X] VB #</Process><Process Name="ACTUALIZA_Y" ToolSource="c:\program files (x86)\arcgis\desktop10.4\ArcToolbox\Toolboxes\Data Management Tools.tbx\CalculateField" Date="20180726" Time="164631">CalculateField D:\SMINESS\DOCUMENTOS\Dropbox\MED\Carto_Base\CP\CP_MODEL.gdb\WSG84\CP YGD [POINT_Y] VB #</Process><Process Name="ACTUALIZA_Y_X" ToolSource="c:\program files (x86)\arcgis\desktop10.4\ArcToolbox\Toolboxes\Data Management Tools.tbx\CalculateField" Date="20180726" Time="164645">CalculateField D:\SMINESS\DOCUMENTOS\Dropbox\MED\Carto_Base\CP\CP_MODEL.gdb\WSG84\CP Y_X_COORD "[YGD] &amp; [XGD]" VB #</Process><Process Name="MAYUS_MNOMCP" ToolSource="c:\program files (x86)\arcgis\desktop10.4\ArcToolbox\Toolboxes\Data Management Tools.tbx\CalculateField" Date="20180726" Time="170802">CalculateField D:\SMINESS\DOCUMENTOS\Dropbox\MED\Carto_Base\CP\CP_MODEL.gdb\WSG84\CP MNOMCP UCase( [NOMCP] ) VB #</Process><Process Name="MAYUS_MNOMCP" ToolSource="c:\program files (x86)\arcgis\desktop10.4\ArcToolbox\Toolboxes\Data Management Tools.tbx\CalculateField" Date="20180726" Time="170934">CalculateField D:\SMINESS\DOCUMENTOS\Dropbox\MED\Carto_Base\CP\CP_MODEL.gdb\WSG84\CP MNOMCP UCase( [NOMCP] ) VB #</Process><Process Name="MAYUS_DENOMINACION" ToolSource="c:\program files (x86)\arcgis\desktop10.4\ArcToolbox\Toolboxes\Data Management Tools.tbx\CalculateField" Date="20180726" Time="170948">CalculateField D:\SMINESS\DOCUMENTOS\Dropbox\MED\Carto_Base\CP\CP_MODEL.gdb\WSG84\CP DENOMINACION UCase( [NOMCP] ) VB #</Process><Process Name="AGREGA_POINT_X_Y" ToolSource="c:\program files (x86)\arcgis\desktop10.4\ArcToolbox\Toolboxes\Data Management Tools.tbx\AddXY" Date="20180726" Time="171008">AddXY D:\SMINESS\DOCUMENTOS\Dropbox\MED\Carto_Base\CP\CP_MODEL.gdb\WSG84\CP</Process><Process Name="ACTUALIZA_X" ToolSource="c:\program files (x86)\arcgis\desktop10.4\ArcToolbox\Toolboxes\Data Management Tools.tbx\CalculateField" Date="20180726" Time="171021">CalculateField D:\SMINESS\DOCUMENTOS\Dropbox\MED\Carto_Base\CP\CP_MODEL.gdb\WSG84\CP XGD [POINT_X] VB #</Process><Process Name="ACTUALIZA_Y" ToolSource="c:\program files (x86)\arcgis\desktop10.4\ArcToolbox\Toolboxes\Data Management Tools.tbx\CalculateField" Date="20180726" Time="171035">CalculateField D:\SMINESS\DOCUMENTOS\Dropbox\MED\Carto_Base\CP\CP_MODEL.gdb\WSG84\CP YGD [POINT_Y] VB #</Process><Process Name="ACTUALIZA_Y_X" ToolSource="c:\program files (x86)\arcgis\desktop10.4\ArcToolbox\Toolboxes\Data Management Tools.tbx\CalculateField" Date="20180726" Time="171049">CalculateField D:\SMINESS\DOCUMENTOS\Dropbox\MED\Carto_Base\CP\CP_MODEL.gdb\WSG84\CP Y_X_COORD "[YGD] &amp; [XGD]" VB #</Process><Process Name="Spatial Join_DISTRITOS" ToolSource="c:\program files (x86)\arcgis\desktop10.4\ArcToolbox\Toolboxes\Analysis Tools.tbx\SpatialJoin" Date="20180726" Time="171129">SpatialJoin D:\SMINESS\DOCUMENTOS\Dropbox\MED\Carto_Base\CP\CP_MODEL.gdb\WSG84\CP D:\SMINESS\DOCUMENTOS\OneDrive\Carto_Base\MAP_EDU_18\MAP_EDU_18.gdb\LIMITES_ADMINISTRATIVOS\DISTRITOS D:\SMINESS\DOCUMENTOS\Dropbox\MED\Carto_Base\CP\CP_MODEL.gdb\CP_SJ JOIN_ONE_TO_ONE KEEP_ALL "UBIGEO "UBIGEO" true true false 6 Text 0 0 ,First,#,D:\SMINESS\DOCUMENTOS\Dropbox\MED\Carto_Base\CP\CP_MODEL.gdb\WSG84\CP,UBIGEO,-1,-1;UBIGEO_C "UBIGEO_C" true true false 6 Text 0 0 ,First,#,D:\SMINESS\DOCUMENTOS\Dropbox\MED\Carto_Base\CP\CP_MODEL.gdb\WSG84\CP,UBIGEO_C,-1,-1;DEP "DEP" true true false 25 Text 0 0 ,First,#,D:\SMINESS\DOCUMENTOS\Dropbox\MED\Carto_Base\CP\CP_MODEL.gdb\WSG84\CP,DEP,-1,-1;PROV "PROV" true true false 40 Text 0 0 ,First,#,D:\SMINESS\DOCUMENTOS\Dropbox\MED\Carto_Base\CP\CP_MODEL.gdb\WSG84\CP,PROV,-1,-1;DIST "DIST" true true false 50 Text 0 0 ,First,#,D:\SMINESS\DOCUMENTOS\Dropbox\MED\Carto_Base\CP\CP_MODEL.gdb\WSG84\CP,DIST,-1,-1;CP_CIUDAD "CP_CIUDAD" true true false 6 Text 0 0 ,First,#,D:\SMINESS\DOCUMENTOS\Dropbox\MED\Carto_Base\CP\CP_MODEL.gdb\WSG84\CP,CP_CIUDAD,-1,-1;CPMAYOR "CPMAYOR" true true false 6 Text 0 0 ,First,#,D:\SMINESS\DOCUMENTOS\Dropbox\MED\Carto_Base\CP\CP_MODEL.gdb\WSG84\CP,CPMAYOR,-1,-1;CODCP "CODCP" true true false 6 Text 0 0 ,First,#,D:\SMINESS\DOCUMENTOS\Dropbox\MED\Carto_Base\CP\CP_MODEL.gdb\WSG84\CP,CODCP,-1,-1;NOMCP "NOMCP" true true false 100 Text 0 0 ,First,#,D:\SMINESS\DOCUMENTOS\Dropbox\MED\Carto_Base\CP\CP_MODEL.gdb\WSG84\CP,NOMCP,-1,-1;MNOMCP "MNOMCP" true true false 60 Text 0 0 ,First,#,D:\SMINESS\DOCUMENTOS\Dropbox\MED\Carto_Base\CP\CP_MODEL.gdb\WSG84\CP,MNOMCP,-1,-1;DENOMINACION "DENOMINACION" true true false 100 Text 0 0 ,First,#,D:\SMINESS\DOCUMENTOS\Dropbox\MED\Carto_Base\CP\CP_MODEL.gdb\WSG84\CP,DENOMINACION,-1,-1;FTE_NOMCP "FTE_NOMCP" true true false 20 Text 0 0 ,First,#,D:\SMINESS\DOCUMENTOS\Dropbox\MED\Carto_Base\CP\CP_MODEL.gdb\WSG84\CP,FTE_NOMCP,-1,-1;UBICADO "UBICADO" true true false 1 Text 0 0 ,First,#,D:\SMINESS\DOCUMENTOS\Dropbox\MED\Carto_Base\CP\CP_MODEL.gdb\WSG84\CP,UBICADO,-1,-1;LOCALIDAD_CP "LOCALIDAD_CP" true true false 1 Text 0 0 ,First,#,D:\SMINESS\DOCUMENTOS\Dropbox\MED\Carto_Base\CP\CP_MODEL.gdb\WSG84\CP,LOCALIDAD_CP,-1,-1;CAPITAL "CAPITAL" true true false 1 Text 0 0 ,First,#,D:\SMINESS\DOCUMENTOS\Dropbox\MED\Carto_Base\CP\CP_MODEL.gdb\WSG84\CP,CAPITAL,-1,-1;SEDE_UGEL "SEDE_UGEL" true true false 1 Text 0 0 ,First,#,D:\SMINESS\DOCUMENTOS\Dropbox\MED\Carto_Base\CP\CP_MODEL.gdb\WSG84\CP,SEDE_UGEL,-1,-1;CODOOII "CODOOII" true true false 6 Text 0 0 ,First,#,D:\SMINESS\DOCUMENTOS\Dropbox\MED\Carto_Base\CP\CP_MODEL.gdb\WSG84\CP,CODOOII,-1,-1;LUGAR "LUGAR" true true false 7 Text 0 0 ,First,#,D:\SMINESS\DOCUMENTOS\Dropbox\MED\Carto_Base\CP\CP_MODEL.gdb\WSG84\CP,LUGAR,-1,-1;CON_IE "CON_IE" true true false 1 Text 0 0 ,First,#,D:\SMINESS\DOCUMENTOS\Dropbox\MED\Carto_Base\CP\CP_MODEL.gdb\WSG84\CP,CON_IE,-1,-1;NIVEL "NIVEL" true true false 8 Text 0 0 ,First,#,D:\SMINESS\DOCUMENTOS\Dropbox\MED\Carto_Base\CP\CP_MODEL.gdb\WSG84\CP,NIVEL,-1,-1;CPINEI "CPINEI" true true false 10 Text 0 0 ,First,#,D:\SMINESS\DOCUMENTOS\Dropbox\MED\Carto_Base\CP\CP_MODEL.gdb\WSG84\CP,CPINEI,-1,-1;CPINEI2 "CPINEI2" true true false 10 Text 0 0 ,First,#,D:\SMINESS\DOCUMENTOS\Dropbox\MED\Carto_Base\CP\CP_MODEL.gdb\WSG84\CP,CPINEI2,-1,-1;CPINEI_BKP "CPINEI_BKP" true true false 10 Text 0 0 ,First,#,D:\SMINESS\DOCUMENTOS\Dropbox\MED\Carto_Base\CP\CP_MODEL.gdb\WSG84\CP,CPINEI_BKP,-1,-1;FUENTE_INEI17 "FUENTE_INEI17" true true false 15 Text 0 0 ,First,#,D:\SMINESS\DOCUMENTOS\Dropbox\MED\Carto_Base\CP\CP_MODEL.gdb\WSG84\CP,FUENTE_INEI17,-1,-1;CPINEI_MAYOR "CPINEI_MAYOR" true true false 10 Text 0 0 ,First,#,D:\SMINESS\DOCUMENTOS\Dropbox\MED\Carto_Base\CP\CP_MODEL.gdb\WSG84\CP,CPINEI_MAYOR,-1,-1;NOMCP_MAYOR "NOMCP_MAYOR" true true false 100 Text 0 0 ,First,#,D:\SMINESS\DOCUMENTOS\Dropbox\MED\Carto_Base\CP\CP_MODEL.gdb\WSG84\CP,NOMCP_MAYOR,-1,-1;COD_URB "COD_URB" true true false 16 Text 0 0 ,First,#,D:\SMINESS\DOCUMENTOS\Dropbox\MED\Carto_Base\CP\CP_MODEL.gdb\WSG84\CP,COD_URB,-1,-1;N_IIEE "N_IIEE" true true false 4 Long 0 0 ,First,#,D:\SMINESS\DOCUMENTOS\Dropbox\MED\Carto_Base\CP\CP_MODEL.gdb\WSG84\CP,N_IIEE,-1,-1;N_LOCAL "N_LOCAL" true true false 4 Long 0 0 ,First,#,D:\SMINESS\DOCUMENTOS\Dropbox\MED\Carto_Base\CP\CP_MODEL.gdb\WSG84\CP,N_LOCAL,-1,-1;N_ALUM "N_ALUM" true true false 4 Long 0 0 ,First,#,D:\SMINESS\DOCUMENTOS\Dropbox\MED\Carto_Base\CP\CP_MODEL.gdb\WSG84\CP,N_ALUM,-1,-1;N_DOCENTES "N_DOCENTES" true true false 4 Long 0 0 ,First,#,D:\SMINESS\DOCUMENTOS\Dropbox\MED\Carto_Base\CP\CP_MODEL.gdb\WSG84\CP,N_DOCENTES,-1,-1;FUENTE_G "FUENTE_G" true true false 20 Text 0 0 ,First,#,D:\SMINESS\DOCUMENTOS\Dropbox\MED\Carto_Base\CP\CP_MODEL.gdb\WSG84\CP,FUENTE_G,-1,-1;FUENTE_SIG "FUENTE_SIG" true true false 25 Text 0 0 ,First,#,D:\SMINESS\DOCUMENTOS\Dropbox\MED\Carto_Base\CP\CP_MODEL.gdb\WSG84\CP,FUENTE_SIG,-1,-1;BORRADO "BORRADO" true true false 1 Text 0 0 ,First,#,D:\SMINESS\DOCUMENTOS\Dropbox\MED\Carto_Base\CP\CP_MODEL.gdb\WSG84\CP,BORRADO,-1,-1;IDDUP "IDDUP" true true false 4 Long 0 0 ,First,#,D:\SMINESS\DOCUMENTOS\Dropbox\MED\Carto_Base\CP\CP_MODEL.gdb\WSG84\CP,IDDUP,-1,-1;CODCPDUP "CODCPDUP" true true false 6 Text 0 0 ,First,#,D:\SMINESS\DOCUMENTOS\Dropbox\MED\Carto_Base\CP\CP_MODEL.gdb\WSG84\CP,CODCPDUP,-1,-1;CODCPDUP2 "CODCPDUP2" true true false 6 Text 0 0 ,First,#,D:\SMINESS\DOCUMENTOS\Dropbox\MED\Carto_Base\CP\CP_MODEL.gdb\WSG84\CP,CODCPDUP2,-1,-1;CODCPDUP3 "CODCPDUP3" true true false 6 Text 0 0 ,First,#,D:\SMINESS\DOCUMENTOS\Dropbox\MED\Carto_Base\CP\CP_MODEL.gdb\WSG84\CP,CODCPDUP3,-1,-1;CODCPDUP4 "CODCPDUP4" true true false 6 Text 0 0 ,First,#,D:\SMINESS\DOCUMENTOS\Dropbox\MED\Carto_Base\CP\CP_MODEL.gdb\WSG84\CP,CODCPDUP4,-1,-1;USUARIO "USUARIO" true true false 20 Text 0 0 ,First,#,D:\SMINESS\DOCUMENTOS\Dropbox\MED\Carto_Base\CP\CP_MODEL.gdb\WSG84\CP,USUARIO,-1,-1;FECHA "FECHA" true true false 8 Date 0 0 ,First,#,D:\SMINESS\DOCUMENTOS\Dropbox\MED\Carto_Base\CP\CP_MODEL.gdb\WSG84\CP,FECHA,-1,-1;AREA_C "AREA_C" true true false 2 Text 0 0 ,First,#,D:\SMINESS\DOCUMENTOS\Dropbox\MED\Carto_Base\CP\CP_MODEL.gdb\WSG84\CP,AREA_C,-1,-1;AREA "AREA" true true false 1 Text 0 0 ,First,#,D:\SMINESS\DOCUMENTOS\Dropbox\MED\Carto_Base\CP\CP_MODEL.gdb\WSG84\CP,AREA,-1,-1;FTE_AREA "FTE_AREA" true true false 20 Text 0 0 ,First,#,D:\SMINESS\DOCUMENTOS\Dropbox\MED\Carto_Base\CP\CP_MODEL.gdb\WSG84\CP,FTE_AREA,-1,-1;AREA_2000 "AREA_2000" true true false 1 Text 0 0 ,First,#,D:\SMINESS\DOCUMENTOS\Dropbox\MED\Carto_Base\CP\CP_MODEL.gdb\WSG84\CP,AREA_2000,-1,-1;CPM "CPM" true true false 255 Text 0 0 ,First,#,D:\SMINESS\DOCUMENTOS\Dropbox\MED\Carto_Base\CP\CP_MODEL.gdb\WSG84\CP,CPM,-1,-1;GRADIENTE_2000 "GRADIENTE_2000" true true false 10 Text 0 0 ,First,#,D:\SMINESS\DOCUMENTOS\Dropbox\MED\Carto_Base\CP\CP_MODEL.gdb\WSG84\CP,GRADIENTE_2000,-1,-1;CATEGORIA "CATEGORIA" true true false 30 Text 0 0 ,First,#,D:\SMINESS\DOCUMENTOS\Dropbox\MED\Carto_Base\CP\CP_MODEL.gdb\WSG84\CP,CATEGORIA,-1,-1;POLURB "POLURB" true true false 50 Text 0 0 ,First,#,D:\SMINESS\DOCUMENTOS\Dropbox\MED\Carto_Base\CP\CP_MODEL.gdb\WSG84\CP,POLURB,-1,-1;TACCESO_CD "TACCESO_CD" true true false 8 Double 0 0 ,First,#,D:\SMINESS\DOCUMENTOS\Dropbox\MED\Carto_Base\CP\CP_MODEL.gdb\WSG84\CP,TACCESO_CD,-1,-1;TACCESO_CP "TACCESO_CP" true true false 8 Double 0 0 ,First,#,D:\SMINESS\DOCUMENTOS\Dropbox\MED\Carto_Base\CP\CP_MODEL.gdb\WSG84\CP,TACCESO_CP,-1,-1;REG_NAT "REG_NAT" true true false 20 Text 0 0 ,First,#,D:\SMINESS\DOCUMENTOS\Dropbox\MED\Carto_Base\CP\CP_MODEL.gdb\WSG84\CP,REG_NAT,-1,-1;REG_OCHO "REG_OCHO" true true false 50 Text 0 0 ,First,#,D:\SMINESS\DOCUMENTOS\Dropbox\MED\Carto_Base\CP\CP_MODEL.gdb\WSG84\CP,REG_OCHO,-1,-1;Z "Z" true true false 4 Long 0 0 ,First,#,D:\SMINESS\DOCUMENTOS\Dropbox\MED\Carto_Base\CP\CP_MODEL.gdb\WSG84\CP,Z,-1,-1;Z_UTM "Z_UTM" true true false 2 Text 0 0 ,First,#,D:\SMINESS\DOCUMENTOS\Dropbox\MED\Carto_Base\CP\CP_MODEL.gdb\WSG84\CP,Z_UTM,-1,-1;X_UTM "X_UTM" true true false 8 Double 0 0 ,First,#,D:\SMINESS\DOCUMENTOS\Dropbox\MED\Carto_Base\CP\CP_MODEL.gdb\WSG84\CP,X_UTM,-1,-1;Y_UTM "Y_UTM" true true false 8 Double 0 0 ,First,#,D:\SMINESS\DOCUMENTOS\Dropbox\MED\Carto_Base\CP\CP_MODEL.gdb\WSG84\CP,Y_UTM,-1,-1;XGD "XGD" true true false 8 Double 0 0 ,First,#,D:\SMINESS\DOCUMENTOS\Dropbox\MED\Carto_Base\CP\CP_MODEL.gdb\WSG84\CP,XGD,-1,-1;YGD "YGD" true true false 8 Double 0 0 ,First,#,D:\SMINESS\DOCUMENTOS\Dropbox\MED\Carto_Base\CP\CP_MODEL.gdb\WSG84\CP,YGD,-1,-1;Y_X_COORD "Y_X_COORD" true true false 100 Text 0 0 ,First,#,D:\SMINESS\DOCUMENTOS\Dropbox\MED\Carto_Base\CP\CP_MODEL.gdb\WSG84\CP,Y_X_COORD,-1,-1;OBS "OBS" true true false 200 Text 0 0 ,First,#,D:\SMINESS\DOCUMENTOS\Dropbox\MED\Carto_Base\CP\CP_MODEL.gdb\WSG84\CP,OBS,-1,-1;CONTROL "CONTROL" true true false 10 Text 0 0 ,First,#,D:\SMINESS\DOCUMENTOS\Dropbox\MED\Carto_Base\CP\CP_MODEL.gdb\WSG84\CP,CONTROL,-1,-1;POINT_X "POINT_X" true true false 8 Double 0 0 ,First,#,D:\SMINESS\DOCUMENTOS\Dropbox\MED\Carto_Base\CP\CP_MODEL.gdb\WSG84\CP,POINT_X,-1,-1;POINT_Y "POINT_Y" true true false 8 Double 0 0 ,First,#,D:\SMINESS\DOCUMENTOS\Dropbox\MED\Carto_Base\CP\CP_MODEL.gdb\WSG84\CP,POINT_Y,-1,-1;NOMBDEP "NOMBDEP" true true false 25 Text 0 0 ,First,#,D:\SMINESS\DOCUMENTOS\OneDrive\Carto_Base\MAP_EDU_18\MAP_EDU_18.gdb\LIMITES_ADMINISTRATIVOS\DISTRITOS,NOMBDEP,-1,-1;NOMBPROV "NOMBPROV" true true false 40 Text 0 0 ,First,#,D:\SMINESS\DOCUMENTOS\OneDrive\Carto_Base\MAP_EDU_18\MAP_EDU_18.gdb\LIMITES_ADMINISTRATIVOS\DISTRITOS,NOMBPROV,-1,-1;IDDIST "IDDIST" true true false 8 Text 0 0 ,First,#,D:\SMINESS\DOCUMENTOS\OneDrive\Carto_Base\MAP_EDU_18\MAP_EDU_18.gdb\LIMITES_ADMINISTRATIVOS\DISTRITOS,IDDIST,-1,-1;NOMBDIST "NOMBDIST" true true false 50 Text 0 0 ,First,#,D:\SMINESS\DOCUMENTOS\OneDrive\Carto_Base\MAP_EDU_18\MAP_EDU_18.gdb\LIMITES_ADMINISTRATIVOS\DISTRITOS,NOMBDIST,-1,-1" INTERSECT # #</Process><Process Name="ACTUALIZA_UBIGEO" ToolSource="c:\program files (x86)\arcgis\desktop10.4\ArcToolbox\Toolboxes\Data Management Tools.tbx\CalculateField" Date="20180726" Time="171144">CalculateField D:\SMINESS\DOCUMENTOS\Dropbox\MED\Carto_Base\CP\CP_MODEL.gdb\CP_SJ UBIGEO codubigeo VB "Dim codubigeo\nIF [Join_Count] =1 Then\ncodubigeo = [IDDIST]  \nelse \ncodubigeo= [UBIGEO] \nend if"</Process><Process Name="ACTUALIZA_DEP" ToolSource="c:\program files (x86)\arcgis\desktop10.4\ArcToolbox\Toolboxes\Data Management Tools.tbx\CalculateField" Date="20180726" Time="171158">CalculateField D:\SMINESS\DOCUMENTOS\Dropbox\MED\Carto_Base\CP\CP_MODEL.gdb\CP_SJ DEP nomdep1 VB "Dim nomdep1\nIF [Join_Count] =1 Then\nnomdep1 = [NOMBDEP]  \nelse \nnomdep1= [DEP] \nend if"</Process><Process Name="ACTUALIZA_PROV" ToolSource="c:\program files (x86)\arcgis\desktop10.4\ArcToolbox\Toolboxes\Data Management Tools.tbx\CalculateField" Date="20180726" Time="171213">CalculateField D:\SMINESS\DOCUMENTOS\Dropbox\MED\Carto_Base\CP\CP_MODEL.gdb\CP_SJ PROV nomprov1 VB "Dim nomprov1\nIF [Join_Count] =1 Then\nnomprov1 = [NOMBPROV] \nelse \nnomprov1= [PROV] \nend if"</Process><Process Name="ACTUALIZA_DIST" ToolSource="c:\program files (x86)\arcgis\desktop10.4\ArcToolbox\Toolboxes\Data Management Tools.tbx\CalculateField" Date="20180726" Time="171227">CalculateField D:\SMINESS\DOCUMENTOS\Dropbox\MED\Carto_Base\CP\CP_MODEL.gdb\CP_SJ DIST nomdist1 VB "Dim nomdist1\nIF [Join_Count] =1 Then\nnomdist1 = [NOMBDIST] \nelse \nnomdist1= [DIST] \nend if"</Process><Process Name="BORRANDO_CAMPOS" ToolSource="c:\program files (x86)\arcgis\desktop10.4\ArcToolbox\Toolboxes\Data Management Tools.tbx\DeleteField" Date="20180726" Time="171323">DeleteField D:\SMINESS\DOCUMENTOS\Dropbox\MED\Carto_Base\CP\CP_MODEL.gdb\CP_SJ Join_Count;TARGET_FID;POINT_X;POINT_Y;NOMBDEP;NOMBPROV;IDDIST;NOMBDIST;POINT_Z;POINT_M</Process><Process Name="Extract Values to Points" ToolSource="c:\program files (x86)\arcgis\desktop10.4\ArcToolbox\Toolboxes\Spatial Analyst Tools.tbx\ExtractValuesToPoints" Date="20180726" Time="171711">ExtractValuesToPoints D:\SMINESS\DOCUMENTOS\Dropbox\MED\Carto_Base\CP\CP_MODEL.gdb\CP_SJ D:\SMINESS\DOCUMENTOS\ACCESIBILIDAD\DEM\SRTM_30M\Merge_30_SRTM\UNIDO_WSG84\Merge_30_geo_s.tif D:\SMINESS\DOCUMENTOS\Dropbox\MED\Carto_Base\CP\CP_MODEL.gdb\CP_FINAL NONE VALUE_ONLY</Process><Process Name="Calculate Field" ToolSource="c:\program files (x86)\arcgis\desktop10.4\ArcToolbox\Toolboxes\Data Management Tools.tbx\CalculateField" Date="20180726" Time="171839">CalculateField D:\SMINESS\DOCUMENTOS\Dropbox\MED\Carto_Base\CP\CP_MODEL.gdb\CP_FINAL Z RASTERVALU VB #</Process><Process Name="Calculate Field" ToolSource="c:\program files (x86)\arcgis\desktop10.4\ArcToolbox\Toolboxes\Data Management Tools.tbx\CalculateField" Date="20180726" Time="172312">CalculateField D:\SMINESS\DOCUMENTOS\Dropbox\MED\Carto_Base\CP\CP_MODEL.gdb\CP_FINAL Z [RASTERVALU] VB #</Process><Process Name="Delete Field" ToolSource="c:\program files (x86)\arcgis\desktop10.4\ArcToolbox\Toolboxes\Data Management Tools.tbx\DeleteField" Date="20180726" Time="172543">DeleteField D:\SMINESS\DOCUMENTOS\Dropbox\MED\Carto_Base\CP\CP_MODEL.gdb\CP_FINAL RASTERVALU</Process><Process Name="Feature Class to Feature Class" ToolSource="c:\program files (x86)\arcgis\desktop10.4\ArcToolbox\Toolboxes\Conversion Tools.tbx\FeatureClassToFeatureClass" Date="20180726" Time="180402">FeatureClassToFeatureClass D:\SMINESS\DOCUMENTOS\Dropbox\MED\Carto_Base\CP\CP_MODEL.gdb\CP D:\SMINESS\DOCUMENTOS\Dropbox\MED\Carto_Base\CP\CP_MODEL.gdb CP_P "BORRADO &lt;&gt; '1'" "UBIGEO "UBIGEO" true true false 6 Text 0 0 ,First,#,D:\SMINESS\DOCUMENTOS\Dropbox\MED\Carto_Base\CP\CP_MODEL.gdb\CP,UBIGEO,-1,-1;UBIGEO_C "UBIGEO_C" true true false 6 Text 0 0 ,First,#,D:\SMINESS\DOCUMENTOS\Dropbox\MED\Carto_Base\CP\CP_MODEL.gdb\CP,UBIGEO_C,-1,-1;DEP "DEP" true true false 25 Text 0 0 ,First,#,D:\SMINESS\DOCUMENTOS\Dropbox\MED\Carto_Base\CP\CP_MODEL.gdb\CP,DEP,-1,-1;PROV "PROV" true true false 40 Text 0 0 ,First,#,D:\SMINESS\DOCUMENTOS\Dropbox\MED\Carto_Base\CP\CP_MODEL.gdb\CP,PROV,-1,-1;DIST "DIST" true true false 50 Text 0 0 ,First,#,D:\SMINESS\DOCUMENTOS\Dropbox\MED\Carto_Base\CP\CP_MODEL.gdb\CP,DIST,-1,-1;CP_CIUDAD "CP_CIUDAD" true true false 6 Text 0 0 ,First,#,D:\SMINESS\DOCUMENTOS\Dropbox\MED\Carto_Base\CP\CP_MODEL.gdb\CP,CP_CIUDAD,-1,-1;CPMAYOR "CPMAYOR" true true false 6 Text 0 0 ,First,#,D:\SMINESS\DOCUMENTOS\Dropbox\MED\Carto_Base\CP\CP_MODEL.gdb\CP,CPMAYOR,-1,-1;CODCP "CODCP" true true false 6 Text 0 0 ,First,#,D:\SMINESS\DOCUMENTOS\Dropbox\MED\Carto_Base\CP\CP_MODEL.gdb\CP,CODCP,-1,-1;NOMCP "NOMCP" true true false 100 Text 0 0 ,First,#,D:\SMINESS\DOCUMENTOS\Dropbox\MED\Carto_Base\CP\CP_MODEL.gdb\CP,NOMCP,-1,-1;MNOMCP "MNOMCP" true true false 60 Text 0 0 ,First,#,D:\SMINESS\DOCUMENTOS\Dropbox\MED\Carto_Base\CP\CP_MODEL.gdb\CP,MNOMCP,-1,-1;DENOMINACION "DENOMINACION" true true false 100 Text 0 0 ,First,#,D:\SMINESS\DOCUMENTOS\Dropbox\MED\Carto_Base\CP\CP_MODEL.gdb\CP,DENOMINACION,-1,-1;FTE_NOMCP "FTE_NOMCP" true true false 20 Text 0 0 ,First,#,D:\SMINESS\DOCUMENTOS\Dropbox\MED\Carto_Base\CP\CP_MODEL.gdb\CP,FTE_NOMCP,-1,-1;UBICADO "UBICADO" true true false 1 Text 0 0 ,First,#,D:\SMINESS\DOCUMENTOS\Dropbox\MED\Carto_Base\CP\CP_MODEL.gdb\CP,UBICADO,-1,-1;LOCALIDAD_CP "LOCALIDAD_CP" true true false 1 Text 0 0 ,First,#,D:\SMINESS\DOCUMENTOS\Dropbox\MED\Carto_Base\CP\CP_MODEL.gdb\CP,LOCALIDAD_CP,-1,-1;CAPITAL "CAPITAL" true true false 1 Text 0 0 ,First,#,D:\SMINESS\DOCUMENTOS\Dropbox\MED\Carto_Base\CP\CP_MODEL.gdb\CP,CAPITAL,-1,-1;SEDE_UGEL "SEDE_UGEL" true true false 1 Text 0 0 ,First,#,D:\SMINESS\DOCUMENTOS\Dropbox\MED\Carto_Base\CP\CP_MODEL.gdb\CP,SEDE_UGEL,-1,-1;CODOOII "CODOOII" true true false 6 Text 0 0 ,First,#,D:\SMINESS\DOCUMENTOS\Dropbox\MED\Carto_Base\CP\CP_MODEL.gdb\CP,CODOOII,-1,-1;LUGAR "LUGAR" true true false 7 Text 0 0 ,First,#,D:\SMINESS\DOCUMENTOS\Dropbox\MED\Carto_Base\CP\CP_MODEL.gdb\CP,LUGAR,-1,-1;CON_IE "CON_IE" true true false 1 Text 0 0 ,First,#,D:\SMINESS\DOCUMENTOS\Dropbox\MED\Carto_Base\CP\CP_MODEL.gdb\CP,CON_IE,-1,-1;NIVEL "NIVEL" true true false 8 Text 0 0 ,First,#,D:\SMINESS\DOCUMENTOS\Dropbox\MED\Carto_Base\CP\CP_MODEL.gdb\CP,NIVEL,-1,-1;CPINEI "CPINEI" true true false 10 Text 0 0 ,First,#,D:\SMINESS\DOCUMENTOS\Dropbox\MED\Carto_Base\CP\CP_MODEL.gdb\CP,CPINEI,-1,-1;CPINEI2 "CPINEI2" true true false 10 Text 0 0 ,First,#,D:\SMINESS\DOCUMENTOS\Dropbox\MED\Carto_Base\CP\CP_MODEL.gdb\CP,CPINEI2,-1,-1;CPINEI_BKP "CPINEI_BKP" true true false 10 Text 0 0 ,First,#,D:\SMINESS\DOCUMENTOS\Dropbox\MED\Carto_Base\CP\CP_MODEL.gdb\CP,CPINEI_BKP,-1,-1;FUENTE_INEI17 "FUENTE_INEI17" true true false 15 Text 0 0 ,First,#,D:\SMINESS\DOCUMENTOS\Dropbox\MED\Carto_Base\CP\CP_MODEL.gdb\CP,FUENTE_INEI17,-1,-1;CPINEI_MAYOR "CPINEI_MAYOR" true true false 10 Text 0 0 ,First,#,D:\SMINESS\DOCUMENTOS\Dropbox\MED\Carto_Base\CP\CP_MODEL.gdb\CP,CPINEI_MAYOR,-1,-1;NOMCP_MAYOR "NOMCP_MAYOR" true true false 100 Text 0 0 ,First,#,D:\SMINESS\DOCUMENTOS\Dropbox\MED\Carto_Base\CP\CP_MODEL.gdb\CP,NOMCP_MAYOR,-1,-1;COD_URB "COD_URB" true true false 16 Text 0 0 ,First,#,D:\SMINESS\DOCUMENTOS\Dropbox\MED\Carto_Base\CP\CP_MODEL.gdb\CP,COD_URB,-1,-1;N_IIEE "N_IIEE" true true false 4 Long 0 0 ,First,#,D:\SMINESS\DOCUMENTOS\Dropbox\MED\Carto_Base\CP\CP_MODEL.gdb\CP,N_IIEE,-1,-1;N_LOCAL "N_LOCAL" true true false 4 Long 0 0 ,First,#,D:\SMINESS\DOCUMENTOS\Dropbox\MED\Carto_Base\CP\CP_MODEL.gdb\CP,N_LOCAL,-1,-1;N_ALUM "N_ALUM" true true false 4 Long 0 0 ,First,#,D:\SMINESS\DOCUMENTOS\Dropbox\MED\Carto_Base\CP\CP_MODEL.gdb\CP,N_ALUM,-1,-1;N_DOCENTES "N_DOCENTES" true true false 4 Long 0 0 ,First,#,D:\SMINESS\DOCUMENTOS\Dropbox\MED\Carto_Base\CP\CP_MODEL.gdb\CP,N_DOCENTES,-1,-1;FUENTE_G "FUENTE_G" true true false 20 Text 0 0 ,First,#,D:\SMINESS\DOCUMENTOS\Dropbox\MED\Carto_Base\CP\CP_MODEL.gdb\CP,FUENTE_G,-1,-1;FUENTE_SIG "FUENTE_SIG" true true false 25 Text 0 0 ,First,#,D:\SMINESS\DOCUMENTOS\Dropbox\MED\Carto_Base\CP\CP_MODEL.gdb\CP,FUENTE_SIG,-1,-1;BORRADO "BORRADO" true true false 1 Text 0 0 ,First,#,D:\SMINESS\DOCUMENTOS\Dropbox\MED\Carto_Base\CP\CP_MODEL.gdb\CP,BORRADO,-1,-1;IDDUP "IDDUP" true true false 4 Long 0 0 ,First,#,D:\SMINESS\DOCUMENTOS\Dropbox\MED\Carto_Base\CP\CP_MODEL.gdb\CP,IDDUP,-1,-1;CODCPDUP "CODCPDUP" true true false 6 Text 0 0 ,First,#,D:\SMINESS\DOCUMENTOS\Dropbox\MED\Carto_Base\CP\CP_MODEL.gdb\CP,CODCPDUP,-1,-1;CODCPDUP2 "CODCPDUP2" true true false 6 Text 0 0 ,First,#,D:\SMINESS\DOCUMENTOS\Dropbox\MED\Carto_Base\CP\CP_MODEL.gdb\CP,CODCPDUP2,-1,-1;CODCPDUP3 "CODCPDUP3" true true false 6 Text 0 0 ,First,#,D:\SMINESS\DOCUMENTOS\Dropbox\MED\Carto_Base\CP\CP_MODEL.gdb\CP,CODCPDUP3,-1,-1;CODCPDUP4 "CODCPDUP4" true true false 6 Text 0 0 ,First,#,D:\SMINESS\DOCUMENTOS\Dropbox\MED\Carto_Base\CP\CP_MODEL.gdb\CP,CODCPDUP4,-1,-1;USUARIO "USUARIO" true true false 20 Text 0 0 ,First,#,D:\SMINESS\DOCUMENTOS\Dropbox\MED\Carto_Base\CP\CP_MODEL.gdb\CP,USUARIO,-1,-1;FECHA "FECHA" true true false 8 Date 0 0 ,First,#,D:\SMINESS\DOCUMENTOS\Dropbox\MED\Carto_Base\CP\CP_MODEL.gdb\CP,FECHA,-1,-1;AREA_C "AREA_C" true true false 2 Text 0 0 ,First,#,D:\SMINESS\DOCUMENTOS\Dropbox\MED\Carto_Base\CP\CP_MODEL.gdb\CP,AREA_C,-1,-1;AREA "AREA" true true false 1 Text 0 0 ,First,#,D:\SMINESS\DOCUMENTOS\Dropbox\MED\Carto_Base\CP\CP_MODEL.gdb\CP,AREA,-1,-1;FTE_AREA "FTE_AREA" true true false 20 Text 0 0 ,First,#,D:\SMINESS\DOCUMENTOS\Dropbox\MED\Carto_Base\CP\CP_MODEL.gdb\CP,FTE_AREA,-1,-1;AREA_2000 "AREA_2000" true true false 1 Text 0 0 ,First,#,D:\SMINESS\DOCUMENTOS\Dropbox\MED\Carto_Base\CP\CP_MODEL.gdb\CP,AREA_2000,-1,-1;CPM "CPM" true true false 255 Text 0 0 ,First,#,D:\SMINESS\DOCUMENTOS\Dropbox\MED\Carto_Base\CP\CP_MODEL.gdb\CP,CPM,-1,-1;GRADIENTE_2000 "GRADIENTE_2000" true true false 10 Text 0 0 ,First,#,D:\SMINESS\DOCUMENTOS\Dropbox\MED\Carto_Base\CP\CP_MODEL.gdb\CP,GRADIENTE_2000,-1,-1;CATEGORIA "CATEGORIA" true true false 30 Text 0 0 ,First,#,D:\SMINESS\DOCUMENTOS\Dropbox\MED\Carto_Base\CP\CP_MODEL.gdb\CP,CATEGORIA,-1,-1;POLURB "POLURB" true true false 50 Text 0 0 ,First,#,D:\SMINESS\DOCUMENTOS\Dropbox\MED\Carto_Base\CP\CP_MODEL.gdb\CP,POLURB,-1,-1;TACCESO_CD "TACCESO_CD" true true false 8 Double 0 0 ,First,#,D:\SMINESS\DOCUMENTOS\Dropbox\MED\Carto_Base\CP\CP_MODEL.gdb\CP,TACCESO_CD,-1,-1;TACCESO_CP "TACCESO_CP" true true false 8 Double 0 0 ,First,#,D:\SMINESS\DOCUMENTOS\Dropbox\MED\Carto_Base\CP\CP_MODEL.gdb\CP,TACCESO_CP,-1,-1;REG_NAT "REG_NAT" true true false 20 Text 0 0 ,First,#,D:\SMINESS\DOCUMENTOS\Dropbox\MED\Carto_Base\CP\CP_MODEL.gdb\CP,REG_NAT,-1,-1;REG_OCHO "REG_OCHO" true true false 50 Text 0 0 ,First,#,D:\SMINESS\DOCUMENTOS\Dropbox\MED\Carto_Base\CP\CP_MODEL.gdb\CP,REG_OCHO,-1,-1;Z "Z" true true false 4 Long 0 0 ,First,#,D:\SMINESS\DOCUMENTOS\Dropbox\MED\Carto_Base\CP\CP_MODEL.gdb\CP,Z,-1,-1;Z_UTM "Z_UTM" true true false 2 Text 0 0 ,First,#,D:\SMINESS\DOCUMENTOS\Dropbox\MED\Carto_Base\CP\CP_MODEL.gdb\CP,Z_UTM,-1,-1;X_UTM "X_UTM" true true false 8 Double 0 0 ,First,#,D:\SMINESS\DOCUMENTOS\Dropbox\MED\Carto_Base\CP\CP_MODEL.gdb\CP,X_UTM,-1,-1;Y_UTM "Y_UTM" true true false 8 Double 0 0 ,First,#,D:\SMINESS\DOCUMENTOS\Dropbox\MED\Carto_Base\CP\CP_MODEL.gdb\CP,Y_UTM,-1,-1;XGD "XGD" true true false 8 Double 0 0 ,First,#,D:\SMINESS\DOCUMENTOS\Dropbox\MED\Carto_Base\CP\CP_MODEL.gdb\CP,XGD,-1,-1;YGD "YGD" true true false 8 Double 0 0 ,First,#,D:\SMINESS\DOCUMENTOS\Dropbox\MED\Carto_Base\CP\CP_MODEL.gdb\CP,YGD,-1,-1;Y_X_COORD "Y_X_COORD" true true false 100 Text 0 0 ,First,#,D:\SMINESS\DOCUMENTOS\Dropbox\MED\Carto_Base\CP\CP_MODEL.gdb\CP,Y_X_COORD,-1,-1;OBS "OBS" true true false 200 Text 0 0 ,First,#,D:\SMINESS\DOCUMENTOS\Dropbox\MED\Carto_Base\CP\CP_MODEL.gdb\CP,OBS,-1,-1;CONTROL "CONTROL" true true false 10 Text 0 0 ,First,#,D:\SMINESS\DOCUMENTOS\Dropbox\MED\Carto_Base\CP\CP_MODEL.gdb\CP,CONTROL,-1,-1" #</Process><Process Name="Delete Field" ToolSource="c:\program files (x86)\arcgis\desktop10.4\ArcToolbox\Toolboxes\Data Management Tools.tbx\DeleteField" Date="20180726" Time="180803">DeleteField D:\SMINESS\DOCUMENTOS\Dropbox\MED\Carto_Base\CP\CP_MODEL.gdb\CP_P UBIGEO_C;CP_CIUDAD;CPMAYOR;DENOMINACION;FTE_NOMCP;UBICADO;LOCALIDAD_CP;LUGAR;CPINEI_MAYOR;NOMCP_MAYOR;COD_URB;N_IIEE;N_LOCAL;N_ALUM;N_DOCENTES;FUENTE_SIG;BORRADO;IDDUP;CODCPDUP;CODCPDUP2;CODCPDUP3;CODCPDUP4;USUARIO;FECHA;AREA_C;AREA;FTE_AREA;AREA_2000;CPM;GRADIENTE_2000;CATEGORIA;POLURB;TACCESO_CD;TACCESO_CP;REG_NAT;REG_OCHO;Z_UTM;X_UTM;Y_UTM;OBS;CONTROL</Process><Process ToolSource="c:\program files (x86)\arcgis\desktop10.4\ArcToolbox\Toolboxes\Data Management Tools.tbx\CopyFeatures" Date="20180726" Time="182429">CopyFeatures D:\SMINESS\DOCUMENTOS\Dropbox\MED\Carto_Base\CP\CP_MODEL.gdb\CP_P U:\SITES\DescargarShp\archivos\CP_P.shp # 0 0 0</Process></lineage><itemProps><itemLocation><linkage Sync="TRUE">file://\\medestadistica2\GIS\SITES\DescargarShp\archivos\CP_P.shp</linkage><protocol Sync="TRUE">Local Area Network</protocol></itemLocation><itemName Sync="TRUE">CP_P</itemName><imsContentType Sync="TRUE">002</imsContentType><itemSize Sync="TRUE">0.000</itemSize></itemProps><coordRef><type Sync="TRUE">Geographic</type><geogcsn Sync="TRUE">GCS_WGS_1984</geogcsn><csUnits Sync="TRUE">Angular Unit: Degree (0.017453)</csUnits><peXml Sync="TRUE">&lt;GeographicCoordinateSystem xsi:type='typens:GeographicCoordinateSystem' xmlns:xsi='http://www.w3.org/2001/XMLSchema-instance' xmlns:xs='http://www.w3.org/2001/XMLSchema' xmlns:typens='http://www.esri.com/schemas/ArcGIS/10.4'&gt;&lt;WKT&gt;GEOGCS[&amp;quot;GCS_WGS_1984&amp;quot;,DATUM[&amp;quot;D_WGS_1984&amp;quot;,SPHEROID[&amp;quot;WGS_1984&amp;quot;,6378137.0,298.257223563]],PRIMEM[&amp;quot;Greenwich&amp;quot;,0.0],UNIT[&amp;quot;Degree&amp;quot;,0.0174532925199433],AUTHORITY[&amp;quot;EPSG&amp;quot;,4326]]&lt;/WKT&gt;&lt;XOrigin&gt;-400&lt;/XOrigin&gt;&lt;YOrigin&gt;-400&lt;/YOrigin&gt;&lt;XYScale&gt;11258999068426.238&lt;/XYScale&gt;&lt;ZOrigin&gt;-100000&lt;/ZOrigin&gt;&lt;ZScale&gt;10000&lt;/ZScale&gt;&lt;MOrigin&gt;-100000&lt;/MOrigin&gt;&lt;MScale&gt;10000&lt;/MScale&gt;&lt;XYTolerance&gt;8.983152841195215e-009&lt;/XYTolerance&gt;&lt;ZTolerance&gt;0.001&lt;/ZTolerance&gt;&lt;MTolerance&gt;0.001&lt;/MTolerance&gt;&lt;HighPrecision&gt;true&lt;/HighPrecision&gt;&lt;LeftLongitude&gt;-180&lt;/LeftLongitude&gt;&lt;WKID&gt;4326&lt;/WKID&gt;&lt;LatestWKID&gt;4326&lt;/LatestWKID&gt;&lt;/GeographicCoordinateSystem&gt;</peXml></coordRef></DataProperties><SyncDate>20180726</SyncDate><SyncTime>18232300</SyncTime><ModDate>20180726</ModDate><ModTime>18232300</ModTime></Esri><dataIdInfo><envirDesc Sync="TRUE"> Version 6.2 (Build 9200) ; Esri ArcGIS 10.4.1.5686</envirDesc><dataLang><languageCode value="spa" Sync="TRUE"></languageCode><countryCode value="PER" Sync="TRUE"></countryCode></dataLang><idCitation><resTitle Sync="TRUE">CP_P</resTitle><presForm><PresFormCd value="005" Sync="TRUE"></PresFormCd></presForm></idCitation><spatRpType><SpatRepTypCd value="001" Sync="TRUE"></SpatRepTypCd></spatRpType></dataIdInfo><mdLang><languageCode value="spa" Sync="TRUE"></languageCode><countryCode value="PER" Sync="TRUE"></countryCode></mdLang><distInfo><distFormat><formatName Sync="TRUE">Shapefile</formatName></distFormat><distTranOps><transSize Sync="TRUE">0.000</transSize></distTranOps></distInfo><mdHrLv><ScopeCd value="005" Sync="TRUE"></ScopeCd></mdHrLv><mdHrLvName Sync="TRUE">dataset</mdHrLvName><refSysInfo><RefSystem><refSysID><identCode code="4326" Sync="TRUE"></identCode><idCodeSpace Sync="TRUE">EPSG</idCodeSpace><idVersion Sync="TRUE">6.14(3.0.1)</idVersion></refSysID></RefSystem></refSysInfo><spatRepInfo><VectSpatRep><geometObjs Name="CP_P"><geoObjTyp><GeoObjTypCd value="004" Sync="TRUE"></GeoObjTypCd></geoObjTyp><geoObjCnt Sync="TRUE">0</geoObjCnt></geometObjs><topLvl><TopoLevCd value="001" Sync="TRUE"></TopoLevCd></topLvl></VectSpatRep></spatRepInfo><spdoinfo><ptvctinf><esriterm Name="CP_P"><efeatyp Sync="TRUE">Simple</efeatyp><efeageom code="1" Sync="TRUE"></efeageom><esritopo Sync="TRUE">FALSE</esritopo><efeacnt Sync="TRUE">0</efeacnt><spindex Sync="TRUE">FALSE</spindex><linrefer Sync="TRUE">FALSE</linrefer></esriterm></ptvctinf></spdoinfo><eainfo><detailed Name="CP_P"><enttyp><enttypl Sync="TRUE">CP_P</enttypl><enttypt Sync="TRUE">Feature Class</enttypt><enttypc Sync="TRUE">0</enttypc></enttyp><attr><attrlabl Sync="TRUE">FID</attrlabl><attalias Sync="TRUE">FID</attalias><attrtype Sync="TRUE">OID</attrtype><attwidth Sync="TRUE">4</attwidth><atprecis Sync="TRUE">0</atprecis><attscale Sync="TRUE">0</attscale><attrdef Sync="TRUE">Internal feature number.</attrdef><attrdefs Sync="TRUE">Esri</attrdefs><attrdomv><udom Sync="TRUE">Sequential unique whole numbers that are automatically generated.</udom></attrdomv></attr><attr><attrlabl Sync="TRUE">Shape</attrlabl><attalias Sync="TRUE">Shape</attalias><attrtype Sync="TRUE">Geometry</attrtype><attwidth Sync="TRUE">0</attwidth><atprecis Sync="TRUE">0</atprecis><attscale Sync="TRUE">0</attscale><attrdef Sync="TRUE">Feature geometry.</attrdef><attrdefs Sync="TRUE">Esri</attrdefs><attrdomv><udom Sync="TRUE">Coordinates defining the features.</udom></attrdomv></attr><attr><attrlabl Sync="TRUE">UBIGEO</attrlabl><attalias Sync="TRUE">UBIGEO</attalias><attrtype Sync="TRUE">String</attrtype><attwidth Sync="TRUE">6</attwidth><atprecis Sync="TRUE">0</atprecis><attscale Sync="TRUE">0</attscale></attr><attr><attrlabl Sync="TRUE">DEP</attrlabl><attalias Sync="TRUE">DEP</attalias><attrtype Sync="TRUE">String</attrtype><attwidth Sync="TRUE">25</attwidth><atprecis Sync="TRUE">0</atprecis><attscale Sync="TRUE">0</attscale></attr><attr><attrlabl Sync="TRUE">PROV</attrlabl><attalias Sync="TRUE">PROV</attalias><attrtype Sync="TRUE">String</attrtype><attwidth Sync="TRUE">40</attwidth><atprecis Sync="TRUE">0</atprecis><attscale Sync="TRUE">0</attscale></attr><attr><attrlabl Sync="TRUE">DIST</attrlabl><attalias Sync="TRUE">DIST</attalias><attrtype Sync="TRUE">String</attrtype><attwidth Sync="TRUE">50</attwidth><atprecis Sync="TRUE">0</atprecis><attscale Sync="TRUE">0</attscale></attr><attr><attrlabl Sync="TRUE">CODCP</attrlabl><attalias Sync="TRUE">CODCP</attalias><attrtype Sync="TRUE">String</attrtype><attwidth Sync="TRUE">6</attwidth><atprecis Sync="TRUE">0</atprecis><attscale Sync="TRUE">0</attscale></attr><attr><attrlabl Sync="TRUE">NOMCP</attrlabl><attalias Sync="TRUE">NOMCP</attalias><attrtype Sync="TRUE">String</attrtype><attwidth Sync="TRUE">100</attwidth><atprecis Sync="TRUE">0</atprecis><attscale Sync="TRUE">0</attscale></attr><attr><attrlabl Sync="TRUE">MNOMCP</attrlabl><attalias Sync="TRUE">MNOMCP</attalias><attrtype Sync="TRUE">String</attrtype><attwidth Sync="TRUE">60</attwidth><atprecis Sync="TRUE">0</atprecis><attscale Sync="TRUE">0</attscale></attr><attr><attrlabl Sync="TRUE">CAPITAL</attrlabl><attalias Sync="TRUE">CAPITAL</attalias><attrtype Sync="TRUE">String</attrtype><attwidth Sync="TRUE">1</attwidth><atprecis Sync="TRUE">0</atprecis><attscale Sync="TRUE">0</attscale></attr><attr><attrlabl Sync="TRUE">CON_IE</attrlabl><attalias Sync="TRUE">CON_IE</attalias><attrtype Sync="TRUE">String</attrtype><attwidth Sync="TRUE">1</attwidth><atprecis Sync="TRUE">0</atprecis><attscale Sync="TRUE">0</attscale></attr><attr><attrlabl Sync="TRUE">NIVEL</attrlabl><attalias Sync="TRUE">NIVEL</attalias><attrtype Sync="TRUE">String</attrtype><attwidth Sync="TRUE">8</attwidth><atprecis Sync="TRUE">0</atprecis><attscale Sync="TRUE">0</attscale></attr><attr><attrlabl Sync="TRUE">CPINEI</attrlabl><attalias Sync="TRUE">CPINEI</attalias><attrtype Sync="TRUE">String</attrtype><attwidth Sync="TRUE">10</attwidth><atprecis Sync="TRUE">0</atprecis><attscale Sync="TRUE">0</attscale></attr><attr><attrlabl Sync="TRUE">CPINEI2</attrlabl><attalias Sync="TRUE">CPINEI2</attalias><attrtype Sync="TRUE">String</attrtype><attwidth Sync="TRUE">10</attwidth><atprecis Sync="TRUE">0</atprecis><attscale Sync="TRUE">0</attscale></attr><attr><attrlabl Sync="TRUE">CPINEI_BKP</attrlabl><attalias Sync="TRUE">CPINEI_BKP</attalias><attrtype Sync="TRUE">String</attrtype><attwidth Sync="TRUE">10</attwidth><atprecis Sync="TRUE">0</atprecis><attscale Sync="TRUE">0</attscale></attr><attr><attrlabl Sync="TRUE">FUENTE_G</attrlabl><attalias Sync="TRUE">FUENTE_G</attalias><attrtype Sync="TRUE">String</attrtype><attwidth Sync="TRUE">20</attwidth><atprecis Sync="TRUE">0</atprecis><attscale Sync="TRUE">0</attscale></attr><attr><attrlabl Sync="TRUE">Z</attrlabl><attalias Sync="TRUE">Z</attalias><attrtype Sync="TRUE">Integer</attrtype><attwidth Sync="TRUE">10</attwidth><atprecis Sync="TRUE">10</atprecis><attscale Sync="TRUE">0</attscale></attr><attr><attrlabl Sync="TRUE">XGD</attrlabl><attalias Sync="TRUE">XGD</attalias><attrtype Sync="TRUE">Double</attrtype><attwidth Sync="TRUE">19</attwidth><atprecis Sync="TRUE">0</atprecis><attscale Sync="TRUE">0</attscale></attr><attr><attrlabl Sync="TRUE">YGD</attrlabl><attalias Sync="TRUE">YGD</attalias><attrtype Sync="TRUE">Double</attrtype><attwidth Sync="TRUE">19</attwidth><atprecis Sync="TRUE">0</atprecis><attscale Sync="TRUE">0</attscale></attr><attr><attrlabl Sync="TRUE">Y_X_COORD</attrlabl><attalias Sync="TRUE">Y_X_COORD</attalias><attrtype Sync="TRUE">String</attrtype><attwidth Sync="TRUE">100</attwidth><atprecis Sync="TRUE">0</atprecis><attscale Sync="TRUE">0</attscale></attr></detailed></eainfo><mdDateSt Sync="TRUE">20180726</mdDateSt></metadata>
